Date,Price,Status,Build Year,URL,Adresse,Kort adresse,Kvdm,Latitude,Longitude,Kommune,Type,Nearest_Metro_Distance,Nearest_Tog_Distance
2018-02-21,1900000,"Solgt, Familiehandel",1972,https://www.boligsiden.dk/adresse/fiskerhusene-124-2620-albertslund-01650106_124_______,Fiskerhusene 124 2620 Albertslund,Fiskerhusene 124 2620,112.0,55.67031530000001,12.3576887,Albertslund,Rækkehus,8.080581797331968,1.3791028842337003
2015-09-03,1250000,"Solgt, Familiehandel",1971,https://www.boligsiden.dk/adresse/humlehusene-44-2620-albertslund-01650233__44_______,Humlehusene 44 2620 Albertslund,Humlehusene 44 2620,152.0,55.6735519,12.3666627,Albertslund,Rækkehus,7.440148284856787,1.8988159525530528
2015-08-28,294424,"Solgt, Øvrigt",1971,https://www.boligsiden.dk/adresse/humlehusene-44-2620-albertslund-01650233__44_______,Humlehusene 44 2620 Albertslund,Humlehusene 44 2620,152.0,55.6735519,12.3666627,Albertslund,Rækkehus,7.440148284856787,1.8988159525530528
2019-05-28,572256,"Solgt, Familiehandel",1973,https://www.boligsiden.dk/adresse/fyrrehusene-66-2600-glostrup-01650111__66_______,Fyrrehusene 66 2600 Glostrup,Fyrrehusene 66 2600,114.0,55.67221019999999,12.3766433,Albertslund,Rækkehus,6.883208786311266,1.7060876719623304
2018-02-02,866500,"Solgt, Familiehandel",1986,https://www.boligsiden.dk/adresse/molndalsparken-36-2620-albertslund-01650328__36_______,Mölndalsparken 36 2620 Albertslund,Mölndalsparken 36 2620,94.0,55.66020349999999,12.3358812,Albertslund,Rækkehus,9.738654048711616,1.141990897672089
2015-09-07,1650000,"Solgt, Auktion",1968,https://www.boligsiden.dk/adresse/fiskerhusene-8-2620-albertslund-01650106___8_______,Fiskerhusene 8 2620 Albertslund,Fiskerhusene 8 2620,106.0,55.67137580000001,12.3586298,Albertslund,Rækkehus,7.990607095603191,1.5062090504347714
2017-12-18,1197500,"Solgt, Familiehandel",1968,https://www.boligsiden.dk/adresse/jaegerhusene-29-2620-albertslund-01650248__29_______,Jægerhusene 29 2620 Albertslund,Jægerhusene 29 2620,108.0,55.6723309,12.3547073,Albertslund,Rækkehus,8.199252520343027,1.5816789056845857
2018-11-20,1148222,"Solgt, Familiehandel",1968,https://www.boligsiden.dk/adresse/elmehusene-248-2600-glostrup-01650087_248_______,Elmehusene 248 2600 Glostrup,Elmehusene 248 2600,96.0,55.6712745,12.37979,Albertslund,Rækkehus,6.729435188404028,1.4854750345297585
2015-05-26,1225000,"Solgt, Øvrigt",1971,https://www.boligsiden.dk/adresse/humlehusene-60-2620-albertslund-01650233__60_______,Humlehusene 60 2620 Albertslund,Humlehusene 60 2620,152.0,55.6733135,12.3672711,Albertslund,Rækkehus,7.4104774001339395,1.8917397628080093
2022-06-07,1450000,"Solgt, Øvrigt",1968,https://www.boligsiden.dk/adresse/fiskerhusene-81-2620-albertslund-01650106__81_______,Fiskerhusene 81 2620 Albertslund,Fiskerhusene 81 2620,106.0,55.6699393,12.3592147,Albertslund,Rækkehus,8.001321288017795,1.35912324241505
2019-01-03,2000000,"Solgt, Familiehandel",1972,https://www.boligsiden.dk/adresse/bispehusene-25-2620-albertslund-01650038__25_______,Bispehusene 25 2620 Albertslund,Bispehusene 25 2620,111.0,55.6690754,12.360773,Albertslund,Rækkehus,7.937432742199832,1.2965221786068413
2018-01-09,2695000,"Solgt, Auktion",2008,https://www.boligsiden.dk/adresse/robinievej-60-2620-albertslund-01650387__60_______,Robinievej 60 2620 Albertslund,Robinievej 60 2620,110.0,55.66656580000001,12.3417495,Albertslund,Rækkehus,9.158645777187058,1.202078412649929
2017-05-08,1150000,"Solgt, Familiehandel",1968,https://www.boligsiden.dk/adresse/jaegerhusene-44-2620-albertslund-01650248__44_______,Jægerhusene 44 2620 Albertslund,Jægerhusene 44 2620,106.0,55.672814,12.355897,Albertslund,Rækkehus,8.113409263996255,1.6399127419792114
2019-10-21,1158166,"Solgt, Familiehandel",1968,https://www.boligsiden.dk/adresse/fasanhusene-17-2620-albertslund-01650104__17_______,Fasanhusene 17 2620 Albertslund,Fasanhusene 17 2620,106.0,55.6745437,12.3585646,Albertslund,Rækkehus,7.9041786594973855,1.8517137473115812
2018-08-18,1300000,"Solgt, Familiehandel",1970,https://www.boligsiden.dk/adresse/praestehusene-54-2620-albertslund-01650367__54_______,Præstehusene 54 2620 Albertslund,Præstehusene 54 2620,152.0,55.67144159999999,12.3692065,Albertslund,Rækkehus,7.353452576449689,1.7719712169798283
2017-11-30,1147500,"Solgt, Familiehandel",1968,https://www.boligsiden.dk/adresse/elmehusene-206-2600-glostrup-01650087_206_______,Elmehusene 206 2600 Glostrup,Elmehusene 206 2600,96.0,55.67211289999999,12.379074,Albertslund,Rækkehus,6.741778528918177,1.5780950445956867
2019-05-06,1667500,"Solgt, Familiehandel",1968,https://www.boligsiden.dk/adresse/elmehusene-200-2600-glostrup-01650087_200_______,Elmehusene 200 2600 Glostrup,Elmehusene 200 2600,96.0,55.6722087,12.3786251,Albertslund,Rækkehus,6.76514298760944,1.6067573562963422
2019-01-02,2000000,"Solgt, Familiehandel",1972,https://www.boligsiden.dk/adresse/bispehusene-27-2620-albertslund-01650038__27_______,Bispehusene 27 2620 Albertslund,Bispehusene 27 2620,108.0,55.66908489999999,12.3606792,Albertslund,Rækkehus,7.942694455333806,1.295517496803101
2019-08-09,1075000,"Solgt, Familiehandel",2007,https://www.boligsiden.dk/adresse/robinievej-7-2620-albertslund-01650387___7_______,Robinievej 7 2620 Albertslund,Robinievej 7 2620,137.0,55.6670804,12.3406982,Albertslund,Rækkehus,9.20463636946796,1.2880310264644306
2017-01-04,701250,"Solgt, Familiehandel",1968,https://www.boligsiden.dk/adresse/rytterhusene-66-2620-albertslund-01650427__66_______,Rytterhusene 66 2620 Albertslund,Rytterhusene 66 2620,106.0,55.6727719,12.3603837,Albertslund,Rækkehus,7.842800610377328,1.682406909463059
2021-03-01,699677,"Solgt, Familiehandel",1968,https://www.boligsiden.dk/adresse/rytterhusene-62-2620-albertslund-01650427__62_______,Rytterhusene 62 2620 Albertslund,Rytterhusene 62 2620,106.0,55.6728,12.3602168,Albertslund,Rækkehus,7.852080162490322,1.6828635090174635
2020-11-17,1400000,"Solgt, Familiehandel",2008,https://www.boligsiden.dk/adresse/robinievej-107-2620-albertslund-01650387_107_______,Robinievej 107 2620 Albertslund,Robinievej 107 2620,131.0,55.6667595,12.3442792,Albertslund,Rækkehus,9.000896651244492,1.1283109357097263
2018-05-23,1200000,"Solgt, Øvrigt",1968,https://www.boligsiden.dk/adresse/jaegerhusene-1-2620-albertslund-01650248___1_______,Jægerhusene 1 2620 Albertslund,Jægerhusene 1 2620,108.0,55.6721406,12.3549124,Albertslund,Rækkehus,8.19230290277523,1.561105099388678
2020-05-27,1196000,"Solgt, Familiehandel",1968,https://www.boligsiden.dk/adresse/elmehusene-172-2600-glostrup-01650087_172_______,Elmehusene 172 2600 Glostrup,Elmehusene 172 2600,96.0,55.6723262,12.3796305,Albertslund,Rækkehus,6.7011844853834095,1.56617902538054
2018-03-27,2000000,"Solgt, Familiehandel",1968,https://www.boligsiden.dk/adresse/jaegerhusene-43-2620-albertslund-01650248__43_______,Jægerhusene 43 2620 Albertslund,Jægerhusene 43 2620,108.0,55.6728215,12.3553637,Albertslund,Rækkehus,8.145552624717084,1.6382837245674804
2019-02-25,1402500,"Solgt, Familiehandel",1972,https://www.boligsiden.dk/adresse/skriverhusene-5-2620-albertslund-01650443___5_______,Skriverhusene 5 2620 Albertslund,Skriverhusene 5 2620,108.0,55.671815,12.3613417,Albertslund,Rækkehus,7.813679104087735,1.5965536981567057
2015-10-05,701250,"Solgt, Familiehandel",1972,https://www.boligsiden.dk/adresse/bispehusene-41-2620-albertslund-01650038__41_______,Bispehusene 41 2620 Albertslund,Bispehusene 41 2620,108.0,55.6688716,12.3606116,Albertslund,Rækkehus,7.954126791880489,1.2717671037824156
2017-08-08,350625,"Solgt, Familiehandel",1968,https://www.boligsiden.dk/adresse/jaegerhusene-47-2620-albertslund-01650248__47_______,Jægerhusene 47 2620 Albertslund,Jægerhusene 47 2620,106.0,55.672826,12.3551038,Albertslund,Rækkehus,8.16119759576723,1.637830796808182
2017-05-15,1088164,"Solgt, Familiehandel",1970,https://www.boligsiden.dk/adresse/praestehusene-91-2620-albertslund-01650367__91_______,Præstehusene 91 2620 Albertslund,Præstehusene 91 2620,151.0,55.6714905,12.3670023,Albertslund,Rækkehus,7.483813467086944,1.7048093517531533
2022-08-15,2550000,"Solgt, Familiehandel",1968,https://www.boligsiden.dk/adresse/fiskerhusene-31-2620-albertslund-01650106__31_______,Fiskerhusene 31 2620 Albertslund,Fiskerhusene 31 2620,106.0,55.67085909999999,12.3594837,Albertslund,Rækkehus,7.955395738226213,1.4623610198212564
2018-04-05,1372500,"Solgt, Øvrigt",1963,https://www.boligsiden.dk/adresse/boegesvinget-40-2740-skovlunde-01510531__40_______,Bøgesvinget 40 2740 Skovlunde,Bøgesvinget 40 2740,112.0,55.7147109,12.4155137,Ballerup,Rækkehus,4.869624863972482,1.1996894651321806
2022-03-09,3384000,"Solgt, Øvrigt",2019,https://www.boligsiden.dk/adresse/klakkebjerg-6k-2750-ballerup-01510750__6k_______,Klakkebjerg 6K 2750 Ballerup,Klakkebjerg 6K 2750,107.0,55.7503253,12.3365079,Ballerup,Rækkehus,11.189272139668995,1.1813436205407826
2018-08-01,458710,"Solgt, Øvrigt",1981,https://www.boligsiden.dk/adresse/kildestraedet-4-2740-skovlunde-01510608___4_______,Kildestrædet 4 2740 Skovlunde,Kildestrædet 4 2740,69.0,55.718331,12.3995345,Ballerup,Rækkehus,5.9336728075374285,0.5714664306950288
2017-05-24,875000,"Solgt, Familiehandel",1981,https://www.boligsiden.dk/adresse/kildestraedet-58-2740-skovlunde-01510608__58_______,Kildestrædet 58 2740 Skovlunde,Kildestrædet 58 2740,87.0,55.7186372,12.4002042,Ballerup,Rækkehus,5.915011669189291,0.5237452125955242
2017-07-06,550000,"Solgt, Familiehandel",1981,https://www.boligsiden.dk/adresse/kaerlodden-121-2760-maaloev-01510760_121_______,Kærlodden 121 2760 Måløv,Kærlodden 121 2760,85.0,55.7516611,12.3275815,Ballerup,Rækkehus,11.730712558500004,0.7427677511203455
2020-01-07,1570000,"Solgt, Familiehandel",1971,https://www.boligsiden.dk/adresse/macgregor-alle-11-2750-ballerup-01510134__11_______,MacGregor Alle 11 2750 Ballerup,MacGregor Alle 11 2750,107.0,55.74629059999999,12.370893,Ballerup,Rækkehus,9.227127790725868,1.9875101507284187
2020-05-11,1450000,"Solgt, Familiehandel",1960,https://www.boligsiden.dk/adresse/birkeengen-40-2740-skovlunde-01510517__40_______,Birkeengen 40 2740 Skovlunde,Birkeengen 40 2740,110.0,55.7121049,12.3934933,Ballerup,Rækkehus,5.961046617965327,1.359470818800314
2015-05-10,1635000,"Solgt, Øvrigt",2004,https://www.boligsiden.dk/adresse/myrholmen-29-2760-maaloev-01510885__29_______,Myrholmen 29 2760 Måløv,Myrholmen 29 2760,128.0,55.7422911,12.318168,Ballerup,Rækkehus,11.679249247202817,0.5775678748021743
2016-04-09,1650000,"Solgt, Øvrigt",1997,https://www.boligsiden.dk/adresse/agernskraenten-23-2750-ballerup-01510008__23_______,Agernskrænten 23 2750 Ballerup,Agernskrænten 23 2750,120.0,55.7471614,12.382665,Ballerup,Rækkehus,8.757685613944368,2.4560001658528168
2015-11-06,1311500,"Solgt, Familiehandel",2006,https://www.boligsiden.dk/adresse/marbaek-park-53-2750-ballerup-01510622__53_______,Marbæk Park 53 2750 Ballerup,Marbæk Park 53 2750,108.0,55.718681,12.3721708,Ballerup,Rækkehus,7.4773973146602035,1.091368300512534
2015-09-22,2272500,"Solgt, Familiehandel",1970,https://www.boligsiden.dk/adresse/espedammen-38-2605-broendby-01530150__38_______,Espedammen 38 2605 Brøndby,Espedammen 38 2605,107.0,55.6535889,12.4312878,broendby,Rækkehus,5.224043233415061,1.3937922977123784
2020-01-24,875000,"Solgt, Øvrigt",1984,https://www.boligsiden.dk/adresse/strandskolevej-200b-2660-broendby-strand-01530641200b_______,Strandskolevej 200B 2660 Brøndby Strand,Strandskolevej 200B 2660,110.0,55.62021799999999,12.4242075,broendby,Rækkehus,8.666612489331653,0.1770413767993151
2021-10-12,1398000,"Solgt, Familiehandel",1958,https://www.boligsiden.dk/adresse/hybenvej-37-2605-broendby-01530256__37_______,Hybenvej 37 2605 Brøndby,Hybenvej 37 2605,117.0,55.6558625,12.4030659,broendby,Rækkehus,6.279237246110107,0.8650652292877249
2017-10-18,1182000,"Solgt, Familiehandel",1978,https://www.boligsiden.dk/adresse/dyringparken-43-2660-broendby-strand-01530129__43_______,Dyringparken 43 2660 Brøndby Strand,Dyringparken 43 2660,138.0,55.627843,12.3988127,broendby,Rækkehus,8.737678486604752,0.8271408611522849
2015-01-13,1950000,"Solgt, Familiehandel",1999,https://www.boligsiden.dk/adresse/soeholtparken-44-2660-broendby-strand-01530678__44_______,Søholtparken 44 2660 Brøndby Strand,Søholtparken 44 2660,92.0,55.6274962,12.4073541,broendby,Rækkehus,8.46445121523373,1.1571564507767784
2018-09-24,1800000,"Solgt, Familiehandel",1979,https://www.boligsiden.dk/adresse/lindestien-45-2605-broendby-01530385__45_______,Lindestien 45 2605 Brøndby,Lindestien 45 2605,176.0,55.6608369,12.4528849,broendby,Rækkehus,3.8159678674181032,0.5713852370982855
2016-03-31,357000,"Solgt, Familiehandel",1970,https://www.boligsiden.dk/adresse/espedammen-14-2605-broendby-01530150__14_______,Espedammen 14 2605 Brøndby,Espedammen 14 2605,107.0,55.6538027,12.4306952,broendby,Rækkehus,5.227401411175686,1.3876311072059593
2015-03-05,1790000,"Solgt, Familiehandel",1978,https://www.boligsiden.dk/adresse/dyringparken-200-2660-broendby-strand-01530129_200_______,Dyringparken 200 2660 Brøndby Strand,Dyringparken 200 2660,119.0,55.6277452,12.4035281,broendby,Rækkehus,8.575180669464006,1.0706159906338524
2016-05-04,1700000,"Solgt, Familiehandel",1960,https://www.boligsiden.dk/adresse/strandskolevej-206-2660-broendby-strand-01530641_206_______,Strandskolevej 206 2660 Brøndby Strand,Strandskolevej 206 2660,120.0,55.62038680000001,12.4212763,broendby,Rækkehus,8.727023537118345,0.0739038198143232
2021-05-31,10000000,"Solgt, Øvrigt",1973,https://www.boligsiden.dk/adresse/nyelandsvej-86a-2000-frederiksberg-01470598_86a_______,Nyelandsvej 86A 2000 Frederiksberg,Nyelandsvej 86A 2000,166.0,55.6863385,12.518029,frederiksberg,Rækkehus,0.4431320819615533,0.4911543325771214
2017-12-11,5350000,"Solgt, Familiehandel",1915,https://www.boligsiden.dk/adresse/azaleavej-31-2000-frederiksberg-01470046__31_______,Azaleavej 31 2000 Frederiksberg,Azaleavej 31 2000,89.0,55.67117469999999,12.5128521,frederiksberg,Rækkehus,1.316523366443168,0.7041848786577553
2022-05-14,3800000,"Solgt, Familiehandel",1900,https://www.boligsiden.dk/adresse/frihedsvej-5-2000-frederiksberg-01470277___5_______,Frihedsvej 5 2000 Frederiksberg,Frihedsvej 5 2000,144.0,55.47562139999999,8.461459999999999,frederiksberg,Rækkehus,253.726810587169,229.59011650653665
2016-02-15,2125000,"Solgt, Familiehandel",1943,https://www.boligsiden.dk/adresse/fuglebo-16-2000-frederiksberg-01470292__16_______,Fuglebo 16 2000 Frederiksberg,Fuglebo 16 2000,122.0,55.6926883,12.5289925,frederiksberg,Rækkehus,0.8055137908060568,0.880659668433979
2018-08-02,1575000,"Solgt, Familiehandel",1928,https://www.boligsiden.dk/adresse/solsortvej-26-2000-frederiksberg-01470730__26_______,Solsortvej 26 2000 Frederiksberg,Solsortvej 26 2000,141.0,55.6900314,12.5230599,frederiksberg,Rækkehus,0.7580209580337345,0.4780977972335073
2016-05-10,2400000,"Solgt, Øvrigt",1915,https://www.boligsiden.dk/adresse/ved-graensen-14-2000-frederiksberg-01470817__14_______,Ved Grænsen 14 2000 Frederiksberg,Ved Grænsen 14 2000,101.0,55.68321899999999,12.4996203,frederiksberg,Rækkehus,0.290818851080647,0.2812202752792414
2018-02-06,3000000,"Solgt, Familiehandel",1977,https://www.boligsiden.dk/adresse/bringebakken-30-3500-vaerloese-01900087__30_______,"Bringebakken 30 Jonstrup, 3500 Værløse",Bringebakken 30,125.0,55.7613304,12.3280053,Furesoe,Rækkehus,12.35641886655719,1.6546019011126083
2016-01-09,1211250,"Solgt, Familiehandel",1998,https://www.boligsiden.dk/adresse/furesoegaardsvej-54-3520-farum-01900213__54_______,Furesøgårdsvej 54 3520 Farum,Furesøgårdsvej 54 3520,135.0,55.8232129,12.3957066,Furesoe,Rækkehus,15.61801822226496,1.8618043534774225
2021-08-27,1020000,"Solgt, Familiehandel",1987,https://www.boligsiden.dk/adresse/ravnehusparken-30-3500-vaerloese-01900480__30_______,"Ravnehusparken 30 Hareskov, 3500 Værløse",Ravnehusparken 30,102.0,55.76350430000001,12.3923525,Furesoe,Rækkehus,9.77102630376293,0.9529167713800096
2016-07-26,2050000,"Solgt, Familiehandel",2014,https://www.boligsiden.dk/adresse/eskadronvaenget-10-3520-farum-01900807__10_______,Eskadronvænget 10 3520 Farum,Eskadronvænget 10 3520,100.0,55.8266029,12.3395929,Furesoe,Rækkehus,17.463617864860364,2.661578978371911
2018-06-29,1650000,"Solgt, Familiehandel",1979,https://www.boligsiden.dk/adresse/solhoejpark-35-3520-farum-01900563__35_______,Solhøjpark 35 3520 Farum,Solhøjpark 35 3520,115.0,55.819063,12.399292,Furesoe,Rækkehus,15.107846254477248,1.7915100363156282
2015-08-07,1312500,"Solgt, Familiehandel",1979,https://www.boligsiden.dk/adresse/solhoejpark-35-3520-farum-01900563__35_______,Solhøjpark 35 3520 Farum,Solhøjpark 35 3520,115.0,55.819063,12.399292,Furesoe,Rækkehus,15.107846254477248,1.7915100363156282
2020-06-05,1131667,"Solgt, Familiehandel",2006,https://www.boligsiden.dk/adresse/roermose-parkvej-48-3520-farum-01900515__48_______,Rørmose Parkvej 48 3520 Farum,Rørmose Parkvej 48 3520,119.0,55.8228332,12.3496455,Furesoe,Rækkehus,16.78683924438809,1.908737890893689
2020-01-08,2125000,"Solgt, Familiehandel",1976,https://www.boligsiden.dk/adresse/bringetoften-51-3500-vaerloese-01900090__51_______,"Bringetoften 51 Jonstrup, 3500 Værløse",Bringetoften 51,151.0,55.7603132,12.3332391,Furesoe,Rækkehus,12.031442334364968,1.704851053469279
2019-10-08,2137500,"Solgt, Øvrigt",2007,https://www.boligsiden.dk/adresse/korsbjerghave-47-3520-farum-01900359__47_______,Korsbjerghave 47 3520 Farum,Korsbjerghave 47 3520,130.0,55.82519850000001,12.3529953,Furesoe,Rækkehus,16.91614024282947,1.939806521304542
2017-11-06,3450000,"Solgt, Familiehandel",1977,https://www.boligsiden.dk/adresse/taarnhoejgaard-34-3500-vaerloese-01900671__34_______,"Tårnhøjgård 34 Kirke Værløse, 3500 Værløse",Tårnhøjgård 34,209.0,55.7857694,12.3240545,Furesoe,Rækkehus,14.393443572295812,3.1109962434585845
2016-07-15,5597906,"Solgt, Øvrigt",2016,https://www.boligsiden.dk/adresse/majorvaenget-4-3520-farum-01900767___4_______,Majorvænget 4 3520 Farum,Majorvænget 4 3520,129.0,55.8285864,12.3384832,Furesoe,Rækkehus,17.688883372894082,2.853603664651032
2017-01-23,1850000,"Solgt, Familiehandel",2003,https://www.boligsiden.dk/adresse/noeddehaven-41-3500-vaerloese-01900446__41_______,Nøddehaven 41 3500 Værløse,Nøddehaven 41 3500,125.0,55.78597060000001,12.3411675,Furesoe,Rækkehus,13.701198110465532,2.0605397501627087
2023-06-12,1453378,"Solgt, Familiehandel",1959,https://www.boligsiden.dk/adresse/solbakken-20-3520-farum-01900559__20_______,Solbakken 20 3520 Farum,Solbakken 20 3520,100.0,55.8114078,12.3609878,Furesoe,Rækkehus,15.332159205008915,0.7824473234025189
2017-09-30,1680000,"Solgt, Familiehandel",1980,https://www.boligsiden.dk/adresse/nygaardspark-39-3520-farum-01900441__39_______,Nygårdspark 39 3520 Farum,Nygårdspark 39 3520,120.0,55.8225019,12.3849037,Furesoe,Rækkehus,15.788951420043745,1.3622832765264858
2015-08-29,2442000,"Solgt, Familiehandel",1912,https://www.boligsiden.dk/adresse/vestre-alle-80-3500-vaerloese-01900733__80_______,"Vestre Alle 80 Kirke Værløse, 3500 Værløse",Vestre Alle 80,135.0,57.0343107,9.8974552,Furesoe,Rækkehus,218.21280516679417,188.47043044793364
2018-10-03,1600000,"Solgt, Familiehandel",2012,https://www.boligsiden.dk/adresse/sergentvaenget-1-3520-farum-01900768___1_______,Sergentvænget 1 3520 Farum,Sergentvænget 1 3520,124.0,55.8285399,12.3390514,Furesoe,Rækkehus,17.666508725822553,2.823168469241342
2023-03-14,1575000,"Solgt, Familiehandel",1970,https://www.boligsiden.dk/adresse/ellegaardspark-69-3520-farum-01900151__69_______,Ellegårdspark 69 3520 Farum,Ellegårdspark 69 3520,139.0,55.8166894,12.3951897,Furesoe,Rækkehus,14.950258927834152,1.451679968345977
2016-02-26,1300000,"Solgt, Øvrigt",1978,https://www.boligsiden.dk/adresse/bringekrogen-43-3500-vaerloese-01900089__43_______,"Bringekrogen 43 Jonstrup, 3500 Værløse",Bringekrogen 43,125.0,55.7610854,12.3265115,Furesoe,Rækkehus,12.412101808691462,1.5968688388009271
2015-04-29,600000,"Solgt, Familiehandel",1958,https://www.boligsiden.dk/adresse/humlehaven-15-3520-farum-01900276__15_______,Humlehaven 15 3520 Farum,Humlehaven 15 3520,85.0,55.81076359999999,12.3463949,Furesoe,Rækkehus,15.739506261497368,1.6970057267164391
2022-05-09,2150000,"Solgt, Familiehandel",1911,https://www.boligsiden.dk/adresse/lejrvej-69-3500-vaerloese-01900381__69_______,"Lejrvej 69 Kirke Værløse, 3500 Værløse",Lejrvej 69,173.0,55.7764886,12.3203668,Furesoe,Rækkehus,13.825984383641332,3.2276420026078574
2017-05-27,1850000,"Solgt, Familiehandel",2012,https://www.boligsiden.dk/adresse/sergentvaenget-13-3520-farum-01900768__13_______,Sergentvænget 13 3520 Farum,Sergentvænget 13 3520,140.0,55.8287574,12.3395909,Furesoe,Rækkehus,17.670462179007327,2.813481077801662
2017-01-30,3290000,"Solgt, Øvrigt""}]",2018,https://www.boligsiden.dk/adresse/fanevaenget-2-3520-farum-01900809___2_______,Fanevænget 2 3520 Farum,Fanevænget 2 3520,123.0,55.8274254,12.3419212,Furesoe,Rækkehus,17.469380310781865,2.6064510716368123
2022-02-01,1750000,"Solgt, Familiehandel",1980,https://www.boligsiden.dk/adresse/bringekrogen-36-3500-vaerloese-01900089__36_______,"Bringekrogen 36 Jonstrup, 3500 Værløse",Bringekrogen 36,124.0,55.7592667,12.3261823,Furesoe,Rækkehus,12.302998649009416,1.3994714032445283
2016-05-26,1165000,"Solgt, Øvrigt",1971,https://www.boligsiden.dk/adresse/jaettevangen-6-3520-farum-01900316___6_______,Jættevangen 6 3520 Farum,Jættevangen 6 3520,120.0,55.8137383,12.3475289,Furesoe,Rækkehus,15.982394521931814,1.6303300024953036
2017-02-01,1400000,"Solgt, Øvrigt",2018,https://www.boligsiden.dk/adresse/fanevaenget-4-3520-farum-01900809___4_______,Fanevænget 4 3520 Farum,Fanevænget 4 3520,121.0,55.82749750000001,12.3419716,Furesoe,Rækkehus,17.474755233545473,2.609332981560848
2019-03-22,1900000,"Solgt, Familiehandel",1953,https://www.boligsiden.dk/adresse/toftegaardsvej-9a-3520-farum-01900654__9a_______,Toftegårdsvej 9A 3520 Farum,Toftegårdsvej 9A 3520,124.0,55.81110349999999,12.3632706,Furesoe,Rækkehus,15.23301766505624,0.6453981470055636
2016-10-27,1500000,"Solgt, Familiehandel",1970,https://www.boligsiden.dk/adresse/kielshoej-200-3520-farum-01900328_200_______,Kielshøj 200 3520 Farum,Kielshøj 200 3520,174.0,55.8111083,12.3840439,Furesoe,Rækkehus,14.648338214402129,0.6703539276348475
2016-04-25,345000,"Solgt, Familiehandel",2004,https://www.boligsiden.dk/adresse/aeblehaven-41-3500-vaerloese-01900752__41_______,Æblehaven 41 3500 Værløse,Æblehaven 41 3500,112.0,55.7866589,12.3377619,Furesoe,Rækkehus,13.896788513555927,2.2851119619176443
2016-09-07,3385000,"Solgt, Auktion",2004,https://www.boligsiden.dk/adresse/aeblehaven-57-3500-vaerloese-01900752__57_______,Æblehaven 57 3500 Værløse,Æblehaven 57 3500,112.0,55.7865275,12.3386201,Furesoe,Rækkehus,13.850985417744722,2.229540567419068
2019-02-25,1211250,"Solgt, Familiehandel",1998,https://www.boligsiden.dk/adresse/furesoegaardsvej-21-3520-farum-01900213__21_______,Furesøgårdsvej 21 3520 Farum,Furesøgårdsvej 21 3520,148.0,55.822923,12.3937916,Furesoe,Rækkehus,15.629228144387197,1.751916166032065
2019-10-08,1232500,"Solgt, Familiehandel",1980,https://www.boligsiden.dk/adresse/nygaardspark-79-3520-farum-01900441__79_______,Nygårdspark 79 3520 Farum,Nygårdspark 79 3520,125.0,55.82297579999999,12.3834991,Furesoe,Rækkehus,15.87128090376335,1.3648966070462614
2020-03-13,1672500,"Solgt, Familiehandel",1977,https://www.boligsiden.dk/adresse/taarnhoejgaard-1-3500-vaerloese-01900671___1_______,"Tårnhøjgård 1 Kirke Værløse, 3500 Værløse",Tårnhøjgård 1,132.0,55.7848487,12.3270382,Furesoe,Rækkehus,14.191317890307335,2.913353004220684
2019-12-16,1800000,"Solgt, Familiehandel",2009,https://www.boligsiden.dk/adresse/korsbjergvaenge-82-3520-farum-01900363__82_______,Korsbjergvænge 82 3520 Farum,Korsbjergvænge 82 3520,130.0,55.8254345,12.3557412,Furesoe,Rækkehus,16.85861162509425,1.852312586147776
2015-04-14,1300000,"Solgt, Familiehandel",1980,https://www.boligsiden.dk/adresse/bringekrogen-24-3500-vaerloese-01900089__24_______,"Bringekrogen 24 Jonstrup, 3500 Værløse",Bringekrogen 24,124.0,55.7594669,12.3259481,Furesoe,Rækkehus,12.328235413643275,1.415321834043031
2015-05-12,400000,"Solgt, Familiehandel",1967,https://www.boligsiden.dk/adresse/ryttervaenget-63-3520-farum-01900510__63_______,Ryttervænget 63 3520 Farum,Ryttervænget 63 3520,152.0,55.8168996,12.3598121,Furesoe,Rækkehus,15.901929279753473,1.0070813933663647
2020-07-23,595070,"Solgt, Øvrigt",2023,https://www.boligsiden.dk/adresse/hangarvej-11-3500-vaerloese-01900778__11_______,"Hangarvej 11 Jonstrup, 3500 Værløse",Hangarvej 11,170.0,55.7648261,12.3234213,Furesoe,Rækkehus,12.824566510855131,1.9545401054978624
2020-07-23,481181,"Solgt, Øvrigt",2023,https://www.boligsiden.dk/adresse/hangarvej-11-3500-vaerloese-01900778__11_______,"Hangarvej 11 Jonstrup, 3500 Værløse",Hangarvej 11,170.0,55.7648261,12.3234213,Furesoe,Rækkehus,12.824566510855131,1.9545401054978624
2020-07-23,481181,"Solgt, Øvrigt",2023,https://www.boligsiden.dk/adresse/hangarvej-11-3500-vaerloese-01900778__11_______,"Hangarvej 11 Jonstrup, 3500 Værløse",Hangarvej 11,170.0,55.7648261,12.3234213,Furesoe,Rækkehus,12.824566510855131,1.9545401054978624
2016-06-23,2900000,"Solgt, Familiehandel",1970,https://www.boligsiden.dk/adresse/kielshoej-144-3520-farum-01900328_144_______,Kielshøj 144 3520 Farum,Kielshøj 144 3520,150.0,55.8109213,12.3855516,Furesoe,Rækkehus,14.59049686048132,0.7666947883844445
2021-06-11,2325000,"Solgt, Familiehandel",1844,https://www.boligsiden.dk/adresse/skovgaards-alle-25-3500-vaerloese-01900540__25_______,Skovgårds Alle 25 3500 Værløse,Skovgårds Alle 25 3500,125.0,55.7857322,12.3732811,Furesoe,Rækkehus,12.489251242766455,0.4159270884562562
2015-10-06,2400000,"Solgt, Familiehandel",1979,https://www.boligsiden.dk/adresse/nygaardspark-135-3520-farum-01900441_135_______,Nygårdspark 135 3520 Farum,Nygårdspark 135 3520,114.0,55.82395829999999,12.3857044,Furesoe,Rækkehus,15.919881236110374,1.5269559396260326
2015-03-02,1700000,"Solgt, Familiehandel",1936,https://www.boligsiden.dk/adresse/dyssegaardsvej-40-2870-dyssegaard-01570152__40_______,Dyssegårdsvej 40 2870 Dyssegård,Dyssegårdsvej 40 2870,128.0,55.7320803,12.5353486,Gentofte,Rækkehus,3.30259916864499,0.0524762191269219
2017-03-26,4250000,"Solgt, Familiehandel",1943,https://www.boligsiden.dk/adresse/maglemosevej-45-2900-hellerup-01570536__45_______,Maglemosevej 45 2900 Hellerup,Maglemosevej 45 2900,108.0,55.7447049,12.5768149,Gentofte,Rækkehus,3.708214118262324,0.8466950225352561
2016-03-02,2966000,"Solgt, Familiehandel",1945,https://www.boligsiden.dk/adresse/soendersoevej-36-2820-gentofte-01570845__36_______,Søndersøvej 36 2820 Gentofte,Søndersøvej 36 2820,132.0,55.7590239,12.5356473,Gentofte,Rækkehus,6.102456015547712,0.7147159858260755
2018-07-12,6150000,"Solgt, Familiehandel",1927,https://www.boligsiden.dk/adresse/sundvaenget-34-2900-hellerup-01570807__34_______,Sundvænget 34 2900 Hellerup,Sundvænget 34 2900,230.0,55.7418467,12.5837225,Gentofte,Rækkehus,3.302677603206351,1.3276467562798504
2022-02-18,4335000,"Solgt, Familiehandel",1969,https://www.boligsiden.dk/adresse/sagaparken-11-2920-charlottenlund-01570683__11_______,Sagaparken 11 2920 Charlottenlund,Sagaparken 11 2920,146.0,55.7572082,12.5678925,Gentofte,Rækkehus,5.199985283828521,0.6523809239365057
2017-07-18,2423570,"Solgt, Øvrigt",1963,https://www.boligsiden.dk/adresse/edlevej-2a-2900-hellerup-01570160__2a_______,Edlevej 2A 2900 Hellerup,Edlevej 2A 2900,185.0,55.7404637,12.5802593,Gentofte,Rækkehus,3.197083411546972,1.3131937417317243
2015-11-17,3150000,"Solgt, Familiehandel",1978,https://www.boligsiden.dk/adresse/skjoldhoej-alle-20b-2920-charlottenlund-01570707_20b_______,Skjoldhøj Alle 20B 2920 Charlottenlund,Skjoldhøj Alle 20B 2920,119.0,55.7536534,12.5912672,Gentofte,Rækkehus,4.568172786056597,1.1358139576859825
2018-04-26,2250000,"Solgt, Familiehandel",1932,https://www.boligsiden.dk/adresse/fragariavej-13-2900-hellerup-01570241__13_______,Fragariavej 13 2900 Hellerup,Fragariavej 13 2900,180.0,55.7266087,12.552845,Gentofte,Rækkehus,2.3672222457557397,0.992180330865134
2018-06-26,7000000,"Solgt, Øvrigt",2001,https://www.boligsiden.dk/adresse/skovvej-77c-2920-charlottenlund-01570742_77c_______,Skovvej 77C 2920 Charlottenlund,Skovvej 77C 2920,168.0,55.7690703,12.5492646,Gentofte,Rækkehus,6.844829340448015,1.7875013104918094
2020-05-25,2188750,"Solgt, Familiehandel",1958,https://www.boligsiden.dk/adresse/parkovsvej-61a-2820-gentofte-01570625_61a_______,Parkovsvej 61A 2820 Gentofte,Parkovsvej 61A 2820,175.0,55.7527705,12.5552475,Gentofte,Rækkehus,5.022314919694991,0.8529243374429457
2022-05-22,1400000,"Solgt, Familiehandel",1942,https://www.boligsiden.dk/adresse/kildegaardsvaenget-21-2900-hellerup-01570446__21_______,Kildegårdsvænget 21 2900 Hellerup,Kildegårdsvænget 21 2900,88.0,55.736441,12.5424919,Gentofte,Rækkehus,3.603530591728334,0.6185552638523729
2019-06-03,1700000,"Solgt, Familiehandel",1942,https://www.boligsiden.dk/adresse/noerrebakken-14-2820-gentofte-01570602__14_______,Nørrebakken 14 2820 Gentofte,Nørrebakken 14 2820,125.0,55.7476841,12.525211,Gentofte,Rækkehus,5.143710514874896,0.9185415434791038
2016-08-09,2500000,"Solgt, Familiehandel",1897,https://www.boligsiden.dk/adresse/dyrehavevej-43-2930-klampenborg-01570150__43_______,Dyrehavevej 43 2930 Klampenborg,Dyrehavevej 43 2930,275.0,55.7746517,12.5831188,Gentofte,Rækkehus,6.928216269752559,0.3656655988450205
2018-04-18,2805000,"Solgt, Familiehandel",1978,https://www.boligsiden.dk/adresse/bernstorffsvej-218-2920-charlottenlund-01570054_218_______,Bernstorffsvej 218 2920 Charlottenlund,Bernstorffsvej 218 2920,91.0,55.7534626,12.5584594,Gentofte,Rækkehus,5.026276185305426,0.8749115711115573
2020-07-30,2543500,"Solgt, Familiehandel",1942,https://www.boligsiden.dk/adresse/kildegaardsvaenget-24-2900-hellerup-01570446__24_______,Kildegårdsvænget 24 2900 Hellerup,Kildegårdsvænget 24 2900,88.0,55.7360558,12.5426112,Gentofte,Rækkehus,3.560713586485065,0.5913341881890224
2015-06-17,7055000,"Solgt, Familiehandel",1929,https://www.boligsiden.dk/adresse/esperance-alle-32-2920-charlottenlund-01570215__32_______,Esperance Alle 32 2920 Charlottenlund,Esperance Alle 32 2920,207.0,55.7457147,12.580357,Gentofte,Rækkehus,3.764776220146856,0.8542665878130331
2019-03-12,1370000,"Solgt, Familiehandel",1942,https://www.boligsiden.dk/adresse/kildegaardsvaenget-46-2900-hellerup-01570446__46_______,Kildegårdsvænget 46 2900 Hellerup,Kildegårdsvænget 46 2900,90.0,55.7364098,12.5434954,Gentofte,Rækkehus,3.579416335118815,0.658008934351239
2019-09-25,4000000,"Solgt, Øvrigt",2019,https://www.boligsiden.dk/adresse/prins-valdemars-vej-1-2820-gentofte-01570637___1_______,Prins Valdemars Vej 1 2820 Gentofte,Prins Valdemars Vej 1 2820,159.0,55.75817809999999,12.536939,Gentofte,Rækkehus,5.983199159560812,0.5924460648775538
2016-03-15,560000,"Solgt, Familiehandel",1943,https://www.boligsiden.dk/adresse/slettevej-10-2870-dyssegaard-01570746__10_______,Slettevej 10 2870 Dyssegård,Slettevej 10 2870,99.0,55.7292345,12.531647,Gentofte,Rækkehus,3.0673313254188,0.4318128769674304
2017-08-11,4800000,"Solgt, Øvrigt",2018,https://www.boligsiden.dk/adresse/froelichsvej-51-2920-charlottenlund-01570260__51_______,Frølichsvej 51 2920 Charlottenlund,Frølichsvej 51 2920,159.0,55.7614978,12.586673,Gentofte,Rækkehus,5.45263112131626,0.2497831320065799
2019-09-19,4000000,"Solgt, Øvrigt",2019,https://www.boligsiden.dk/adresse/ermelundsvej-26-2820-gentofte-01570206__26_______,Ermelundsvej 26 2820 Gentofte,Ermelundsvej 26 2820,159.0,55.7582163,12.5368888,Gentofte,Rækkehus,5.988369016869885,0.5976967172444396
2016-09-13,4518447,"Solgt, Familiehandel",1921,https://www.boligsiden.dk/adresse/tjoernekrogen-8a-2820-gentofte-01570867__8a_______,Tjørnekrogen 8A 2820 Gentofte,Tjørnekrogen 8A 2820,172.0,55.7535991,12.5327591,Gentofte,Rækkehus,5.605420614323862,0.5589570607799997
2017-05-03,4358000,"Solgt, Familiehandel",1947,https://www.boligsiden.dk/adresse/vingaards-alle-46-2900-hellerup-01570951__46_______,Vingårds Alle 46 2900 Hellerup,Vingårds Alle 46 2900,153.0,55.7414453,12.5749436,Gentofte,Rækkehus,3.3970082481220505,1.1071098229233811
2019-08-01,6500000,"Solgt, Øvrigt",1934,https://www.boligsiden.dk/adresse/bernstorffsvej-23a-2900-hellerup-01570054_23a_______,Bernstorffsvej 23A 2900 Hellerup,Bernstorffsvej 23A 2900,227.0,55.7281626,12.5544433,Gentofte,Rækkehus,2.514413474680208,0.8864459762409468
2016-10-26,3350000,"Solgt, Auktion",1952,https://www.boligsiden.dk/adresse/graevlingestien-19a-2880-bagsvaerd-01590238_19a_______,Grævlingestien 19A 2880 Bagsværd,Grævlingestien 19A 2880,88.0,55.75051999999999,12.4665319,Gladsaxe,Rækkehus,6.655054829312066,0.7974753193111838
2021-06-01,4200000,"Solgt, Familiehandel",1960,https://www.boligsiden.dk/adresse/solbaervaenget-24-2880-bagsvaerd-01590797__24_______,Solbærvænget 24 2880 Bagsværd,Solbærvænget 24 2880,82.0,55.7571294,12.4658167,Gladsaxe,Rækkehus,7.389380586485204,0.4702115344393583
2019-09-13,1912500,"Solgt, Familiehandel",1960,https://www.boligsiden.dk/adresse/solbaervaenget-24-2880-bagsvaerd-01590797__24_______,Solbærvænget 24 2880 Bagsværd,Solbærvænget 24 2880,82.0,55.7571294,12.4658167,Gladsaxe,Rækkehus,7.389380586485204,0.4702115344393583
2018-10-06,2250000,"Solgt, Familiehandel",2004,https://www.boligsiden.dk/adresse/kildebakken-3m-2860-soeborg-01590406__3m_______,Kildebakken 3M 2860 Søborg,Kildebakken 3M 2860,102.0,55.7453118,12.4949341,Gladsaxe,Rækkehus,5.743191291597273,0.2345111128328329
2017-12-13,1530000,"Solgt, Familiehandel",1957,https://www.boligsiden.dk/adresse/septembervej-13-2860-soeborg-01590737__13_______,Septembervej 13 2860 Søborg,Septembervej 13 2860,101.0,55.7284149,12.4740393,Gladsaxe,Rækkehus,4.157789222511735,2.14866708821278
2020-06-18,2210000,"Solgt, Familiehandel",1956,https://www.boligsiden.dk/adresse/kiplings-alle-29a-2860-soeborg-01590413_29a_______,Kiplings Alle 29A 2860 Søborg,Kiplings Alle 29A 2860,98.0,55.7393517,12.5167401,Gladsaxe,Rækkehus,4.469714218679472,0.4322545772618701
2016-08-11,3800000,"Solgt, Familiehandel",1943,https://www.boligsiden.dk/adresse/mosekrogen-33-2860-soeborg-01590568__33_______,Mosekrogen 33 2860 Søborg,Mosekrogen 33 2860,97.0,55.7248155,12.5161359,Gladsaxe,Rækkehus,3.126763506770724,1.4973053021303604
2016-08-30,477500,"Solgt, Familiehandel",1936,https://www.boligsiden.dk/adresse/klausdalsbrovej-83-2860-soeborg-01590422__83_______,Klausdalsbrovej 83 2860 Søborg,Klausdalsbrovej 83 2860,96.0,55.7455142,12.4834014,Gladsaxe,Rækkehus,6.037066580643386,0.6596879879128403
2018-03-20,2913500,"Solgt, Familiehandel",1957,https://www.boligsiden.dk/adresse/nybro-vaenge-13-2800-kongens-lyngby-01590628__13_______,Nybro Vænge 13 2800 Kongens Lyngby,Nybro Vænge 13 2800,89.0,55.7694221,12.4780842,Gladsaxe,Rækkehus,8.566043412150474,1.3583947494743285
2018-10-11,500000,"Solgt, Øvrigt",1956,https://www.boligsiden.dk/adresse/aertemarken-103-2860-soeborg-01590981_103_______,Ærtemarken 103 2860 Søborg,Ærtemarken 103 2860,74.0,55.7428206,12.475781,Gladsaxe,Rækkehus,5.745625451106636,1.2124208387064277
2016-08-26,1950000,"Solgt, Familiehandel",1949,https://www.boligsiden.dk/adresse/jacob-bulls-alle-94a-2860-soeborg-01590363_94a_______,Jacob Bulls Alle 94A 2860 Søborg,Jacob Bulls Alle 94A 2860,104.0,55.73621259999999,12.501453,Gladsaxe,Rækkehus,4.68975867638519,1.0339890136317376
2015-08-31,1742000,"Solgt, Familiehandel",1951,https://www.boligsiden.dk/adresse/hegnskrogen-4-2800-kongens-lyngby-01590296___4_______,Hegnskrogen 4 2800 Kongens Lyngby,Hegnskrogen 4 2800,112.0,55.7691004,12.4783561,Gladsaxe,Rækkehus,8.526614107754195,1.3889759162271398
2022-03-09,2400000,"Solgt, Øvrigt",1950,https://www.boligsiden.dk/adresse/hedevaenget-16-2800-kongens-lyngby-01590294__16_______,Hedevænget 16 2800 Kongens Lyngby,Hedevænget 16 2800,73.0,55.7575562,12.4927878,Gladsaxe,Rækkehus,6.962490461400825,1.1462547079381027
2015-04-25,2250000,"Solgt, Familiehandel",1966,https://www.boligsiden.dk/adresse/christopher-boecks-alle-84a-2860-soeborg-01590113_84a_______,Christopher Boecks Alle 84A 2860 Søborg,Christopher Boecks Alle 84A 2860,145.0,55.735234,12.5005791,Gladsaxe,Rækkehus,4.6403279638114645,1.1557551401735573
2016-07-08,1800000,"Solgt, Familiehandel",1970,https://www.boligsiden.dk/adresse/kagsaabrinken-25-2860-soeborg-01590384__25_______,Kagsåbrinken 25 2860 Søborg,Kagsåbrinken 25 2860,105.0,55.739954,12.4494786,Gladsaxe,Rækkehus,5.768386872086042,2.3355156026161845
2015-06-19,1850000,"Solgt, Familiehandel",1930,https://www.boligsiden.dk/adresse/slotsparken-35b-2880-bagsvaerd-01590786_35b_______,Slotsparken 35B 2880 Bagsværd,Slotsparken 35B 2880,97.0,55.76758719999999,12.4497579,Gladsaxe,Rækkehus,8.71400354851339,0.6784593981910609
2016-06-20,1438500,"Solgt, Familiehandel",1955,https://www.boligsiden.dk/adresse/louisehoej-12-2880-bagsvaerd-01590519__12_______,Louisehøj 12 2880 Bagsværd,Louisehøj 12 2880,98.0,55.7548714,12.470249,Gladsaxe,Rækkehus,7.108560034011375,0.2702424419182953
2015-06-19,1850000,"Solgt, Familiehandel",1930,https://www.boligsiden.dk/adresse/slotsparken-35a-2880-bagsvaerd-01590786_35a_______,Slotsparken 35A 2880 Bagsværd,Slotsparken 35A 2880,124.0,55.7675923,12.4497778,Gladsaxe,Rækkehus,8.714275290087329,0.6785562086801317
2018-04-30,828750,"Solgt, Familiehandel",1934,https://www.boligsiden.dk/adresse/buddingevej-216-2860-soeborg-01590088_216_______,Buddingevej 216 2860 Søborg,Buddingevej 216 2860,93.0,55.7512556,12.4948484,Gladsaxe,Rækkehus,6.295489650058511,0.4530405393191261
2018-01-18,1600000,"Solgt, Øvrigt",2017,https://www.boligsiden.dk/adresse/granvej-47-2880-bagsvaerd-01590226__47_______,Granvej 47 2880 Bagsværd,Granvej 47 2880,115.0,55.7608642,12.4481411,Gladsaxe,Rækkehus,8.01299150221215,0.356713435726127
2019-05-27,2800000,"Solgt, Familiehandel",1948,https://www.boligsiden.dk/adresse/moelletoften-5-2800-kongens-lyngby-01590589___5_______,Mølletoften 5 2800 Kongens Lyngby,Mølletoften 5 2800,86.0,55.7576894,12.4945647,Gladsaxe,Rækkehus,6.920632204963227,1.1622441840813622
2016-09-10,1700000,"Solgt, Øvrigt",2015,https://www.boligsiden.dk/adresse/gammelmosevej-179d-2800-kongens-lyngby-01590201179d_______,Gammelmosevej 179D 2800 Kongens Lyngby,Gammelmosevej 179D 2800,123.0,55.7552728,12.4848009,Gladsaxe,Rækkehus,7.014206535831383,0.7363414394093415
2017-01-20,2000000,"Solgt, Familiehandel",2016,https://www.boligsiden.dk/adresse/lykkens-minde-46-2860-soeborg-01590524__46_______,Lykkens Minde 46 2860 Søborg,Lykkens Minde 46 2860,126.0,55.7424504,12.4861085,Gladsaxe,Rækkehus,5.703251972216536,0.7058057761180326
2015-04-07,1450000,"Solgt, Øvrigt",2006,https://www.boligsiden.dk/adresse/moerkhoej-parkalle-12a-2860-soeborg-01590596_12a_______,Mørkhøj Parkalle 12A 2860 Søborg,Mørkhøj Parkalle 12A 2860,153.0,55.7236088,12.4731018,Gladsaxe,Rækkehus,3.634537745549977,1.6780564539867573
2015-04-25,2250000,"Solgt, Familiehandel",1966,https://www.boligsiden.dk/adresse/christopher-boecks-alle-84-2860-soeborg-01590113__84_______,Christopher Boecks Alle 84 2860 Søborg,Christopher Boecks Alle 84 2860,145.0,55.7351249,12.5002475,Gladsaxe,Rækkehus,4.644459727185975,1.1757243580308
2018-04-16,1050000,"Solgt, Familiehandel",1950,https://www.boligsiden.dk/adresse/buddinge-hovedgade-197-2860-soeborg-01590086_197_______,Buddinge Hovedgade 197 2860 Søborg,Buddinge Hovedgade 197 2860,90.0,55.7488591,12.4759425,Gladsaxe,Rækkehus,6.415533949913196,0.8774639615003017
2018-02-16,1175000,"Solgt, Familiehandel",1994,https://www.boligsiden.dk/adresse/stengaards-alle-37e-2800-kongens-lyngby-01590810_37e_______,Stengårds Alle 37E 2800 Kongens Lyngby,Stengårds Alle 37E 2800,101.0,55.7599848,12.4876923,Gladsaxe,Rækkehus,7.3569600154714845,0.9772302230271716
2016-02-23,1632481,"Solgt, Øvrigt",1955,https://www.boligsiden.dk/adresse/muldvad-44-2800-kongens-lyngby-01590580__44_______,Muldvad 44 2800 Kongens Lyngby,Muldvad 44 2800,87.0,55.75954189999999,12.4820168,Gladsaxe,Rækkehus,7.505101927448616,0.6370283968921465
2017-03-17,962500,"Solgt, Familiehandel",2017,https://www.boligsiden.dk/adresse/stisager-104b-2600-glostrup-01610500104b_______,Stisager 104B 2600 Glostrup,Stisager 104B 2600,140.0,55.68448489999999,12.4218695,Glostrup,Rækkehus,3.789288334552441,2.446195529595802
2019-01-31,3050000,"Solgt, Familiehandel",2003,https://www.boligsiden.dk/adresse/tofteaasen-7-2600-glostrup-01610494___7_______,Tofteaasen 7 2600 Glostrup,Tofteaasen 7 2600,96.0,55.682781,12.407898,Glostrup,Rækkehus,4.685323180604371,2.2470661352955656
2018-10-02,1250000,"Solgt, Familiehandel",2015,https://www.boligsiden.dk/adresse/stisager-16-2600-glostrup-01610500__16_______,Stisager 16 2600 Glostrup,Stisager 16 2600,118.0,55.6833804,12.4208368,Glostrup,Rækkehus,3.878612152993655,2.37103532323927
2018-10-17,1530000,"Solgt, Familiehandel",1964,https://www.boligsiden.dk/adresse/ravnager-21-2600-glostrup-01610394__21_______,Ravnager 21 2600 Glostrup,Ravnager 21 2600,100.0,55.6767706,12.4144506,Glostrup,Rækkehus,4.478453100680294,1.7984193257224343
2023-02-07,3910000,"Solgt, Auktion",2008,https://www.boligsiden.dk/adresse/ejbysvinget-60-2600-glostrup-01610099__60_______,Ejbysvinget 60 2600 Glostrup,Ejbysvinget 60 2600,131.0,55.6967711,12.411198,Glostrup,Rækkehus,4.425375854845488,2.9600665506903585
2021-12-20,340000,"Solgt, Familiehandel",2017,https://www.boligsiden.dk/adresse/gaaseager-79-2600-glostrup-01610505__79_______,Gaaseager 79 2600 Glostrup,Gaaseager 79 2600,130.0,55.681371,12.4254128,Glostrup,Rækkehus,3.660463080500007,2.03643638165238
2022-06-01,1023500,"Solgt, Familiehandel",2003,https://www.boligsiden.dk/adresse/stensbjerg-42-2600-glostrup-01610471__42_______,Stensbjerg 42 2600 Glostrup,Stensbjerg 42 2600,114.0,55.683241,12.4003295,Glostrup,Rækkehus,5.14184159552472,2.2255917759826924
2016-02-09,500000,"Solgt, Familiehandel",2015,https://www.boligsiden.dk/adresse/stisager-11b-2600-glostrup-01610500_11b_______,Stisager 11B 2600 Glostrup,Stisager 11B 2600,150.0,55.6840263,12.4213238,Glostrup,Rækkehus,3.833183478002735,2.417884843167758
2016-02-09,500000,"Solgt, Familiehandel",2015,https://www.boligsiden.dk/adresse/stisager-11b-2600-glostrup-01610500_11b_______,Stisager 11B 2600 Glostrup,Stisager 11B 2600,150.0,55.6840263,12.4213238,Glostrup,Rækkehus,3.833183478002735,2.417884843167758
2016-08-09,1319000,"Solgt, Øvrigt",2003,https://www.boligsiden.dk/adresse/krogengen-20-2600-glostrup-01610280__20_______,Krogengen 20 2600 Glostrup,Krogengen 20 2600,132.0,55.6825801,12.4020499,Glostrup,Rækkehus,5.049197073486455,2.1599219380367924
2020-07-03,1510000,"Solgt, Familiehandel",1986,https://www.boligsiden.dk/adresse/groennegaarden-309-2670-greve-02532465_309_______,Grønnegården 309 2670 Greve,Grønnegården 309 2670,96.0,55.6004843,12.3439401,Greve,Rækkehus,13.26390692336439,0.7439374148434412
2019-03-01,1552500,"Solgt, Familiehandel",1965,https://www.boligsiden.dk/adresse/engparken-48-2690-karlslunde-02531564__48_______,Engparken 48 2690 Karlslunde,Engparken 48 2690,90.0,55.5591575,12.2434206,Greve,Rækkehus,20.93799155204776,1.7849808390905872
2016-05-17,1200000,"Solgt, Familiehandel",1975,https://www.boligsiden.dk/adresse/solbaerengen-14-2670-greve-02537642__14_______,Solbærengen 14 2670 Greve,Solbærengen 14 2670,140.0,55.581959,12.2867098,Greve,Rækkehus,17.220317475580757,2.07266014804064
2018-03-09,980000,"Solgt, Familiehandel",1988,https://www.boligsiden.dk/adresse/tinggaardsparken-77-4030-tune-02538554__77_______,Tinggårdsparken 77 4030 Tune,Tinggårdsparken 77 4030,90.0,55.5934635,12.1926513,Greve,Rækkehus,21.11650854998704,5.662894546538456
2019-10-29,1200000,"Solgt, Familiehandel",1967,https://www.boligsiden.dk/adresse/graesager-8-2690-karlslunde-02532440___8_______,Græsager 8 2690 Karlslunde,Græsager 8 2690,116.0,55.56648449999999,12.2496973,Greve,Rækkehus,20.08698357174457,1.204494279696809
2015-01-30,775000,"Solgt, Familiehandel",1986,https://www.boligsiden.dk/adresse/groennegaarden-122-2670-greve-02532465_122_______,Grønnegården 122 2670 Greve,Grønnegården 122 2670,108.0,55.6016764,12.3432584,Greve,Rækkehus,13.191265588471564,0.7781636704208994
2021-08-18,1600000,"Solgt, Familiehandel",2018,https://www.boligsiden.dk/adresse/gaengehaven-95-2690-karlslunde-02532520__95_______,Gængehaven 95 2690 Karlslunde,Gængehaven 95 2690,142.0,55.57042089999999,12.2581783,Greve,Rækkehus,19.399214863200765,0.8131656461537923
2021-10-02,1530000,"Solgt, Familiehandel",1970,https://www.boligsiden.dk/adresse/oesterbakken-2b-4030-tune-02539501__2b_______,Østerbakken 2B 4030 Tune,Østerbakken 2B 4030,116.0,55.5950332,12.1748115,Greve,Rækkehus,21.998023489405856,6.719396155698546
2017-03-03,595000,"Solgt, Familiehandel",1975,https://www.boligsiden.dk/adresse/damhaven-3-2670-greve-02531214___3_______,Damhaven 3 2670 Greve,Damhaven 3 2670,112.0,55.582465,12.262305,Greve,Rækkehus,18.300240895038154,1.8450306895159376
2017-06-07,917747,"Solgt, Øvrigt",1987,https://www.boligsiden.dk/adresse/soehoej-32-2690-karlslunde-02538439__32_______,Søhøj 32 2690 Karlslunde,Søhøj 32 2690,114.0,55.56607169999999,12.2325811,Greve,Rækkehus,20.907872138620203,2.2806277111317885
2019-04-12,5600000,"Solgt, Øvrigt",2020,https://www.boligsiden.dk/adresse/baekmosen-1b-2670-greve-02530980__1b_______,Bækmosen 1B 2670 Greve,Bækmosen 1B 2670,140.0,55.57056069999999,12.2845649,Greve,Rækkehus,18.22895486743972,1.0961530974565352
2015-08-31,1360000,"Solgt, Familiehandel",1970,https://www.boligsiden.dk/adresse/aasager-56-2690-karlslunde-02539724__56_______,Åsager 56 2690 Karlslunde,Åsager 56 2690,113.0,55.5687699,12.2458086,Greve,Rækkehus,20.09081729741501,1.4747666849650538
2017-10-15,2750000,"Solgt, Øvrigt",1975,https://www.boligsiden.dk/adresse/vangeleddet-69b-2670-greve-02539035_69b_______,Vangeleddet 69B 2670 Greve,Vangeleddet 69B 2670,175.0,55.6010953,12.3459735,Greve,Rækkehus,13.129477237307404,0.888600299019511
2015-05-08,1455500,"Solgt, Familiehandel",2007,https://www.boligsiden.dk/adresse/kildeagerhusene-18-2690-karlslunde-02533822__18_______,Kildeagerhusene 18 2690 Karlslunde,Kildeagerhusene 18 2690,117.0,55.5676058,12.2194677,Greve,Rækkehus,21.419030651469576,3.1083948522491176
2016-04-19,595000,"Solgt, Familiehandel",1968,https://www.boligsiden.dk/adresse/graesager-11-2690-karlslunde-02532440__11_______,Græsager 11 2690 Karlslunde,Græsager 11 2690,98.0,55.56610629999999,12.2495213,Greve,Rækkehus,20.124079713486147,1.2155444101633317
2018-09-03,2495000,"Solgt, Familiehandel",1975,https://www.boligsiden.dk/adresse/damhaven-13-2670-greve-02531214__13_______,Damhaven 13 2670 Greve,Damhaven 13 2670,112.0,55.5827518,12.2626072,Greve,Rækkehus,18.264895994343306,1.8720562811182115
2017-03-03,850000,"Solgt, Familiehandel",1988,https://www.boligsiden.dk/adresse/tinggaardsparken-48-4030-tune-02538554__48_______,Tinggårdsparken 48 4030 Tune,Tinggårdsparken 48 4030,101.0,55.59335669999999,12.1944753,Greve,Rækkehus,21.02463119319557,5.559836548401184
2015-06-03,1037500,"Solgt, Øvrigt",1934,https://www.boligsiden.dk/adresse/marievej-4b-2670-greve-02535123__4b_______,Marievej 4B 2670 Greve,Marievej 4B 2670,88.0,55.5900676,12.3325613,Greve,Rækkehus,14.610781650028496,0.8223805182610466
2021-08-30,560985,"Solgt, Familiehandel",2006,https://www.boligsiden.dk/adresse/fresiahaven-5-2670-greve-02531830___5_______,Fresiahaven 5 2670 Greve,Fresiahaven 5 2670,99.0,55.60691989999999,12.2736329,Greve,Rækkehus,16.043269981415687,3.8985968418547934
2019-04-12,2200000,"Solgt, Øvrigt",2022,https://www.boligsiden.dk/adresse/grevetoften-1d-2670-greve-02532370__1d_______,Grevetoften 1D 2670 Greve,Grevetoften 1D 2670,111.0,55.5972817,12.2459461,Greve,Rækkehus,18.08128313518216,3.734704523315083
2021-04-14,1930000,"Solgt, Øvrigt",1964,https://www.boligsiden.dk/adresse/krogaardsvej-38-2670-greve-02534303__38_______,Krogårdsvej 38 2670 Greve,Krogårdsvej 38 2670,114.0,55.59233270000001,12.3348228,Greve,Rækkehus,14.326217275194896,0.5759776247728172
2017-04-24,1321750,"Solgt, Familiehandel",1995,https://www.boligsiden.dk/adresse/olsbaekhave-5-2670-greve-02536233___5_______,Olsbækhave 5 2670 Greve,Olsbækhave 5 2670,95.0,55.59928379999999,12.3002895,Greve,Rækkehus,15.27428788207779,2.0893334046006338
2017-05-09,1520000,"Solgt, Auktion",1972,https://www.boligsiden.dk/adresse/rosenlyparken-101-2670-greve-02536824_101_______,Rosenlyparken 101 2670 Greve,Rosenlyparken 101 2670,120.0,55.605994,12.3140576,Greve,Rækkehus,14.132359455697475,1.54185851879514
2016-01-26,925000,"Solgt, Familiehandel",1972,https://www.boligsiden.dk/adresse/rosenlyparken-144-2670-greve-02536824_144_______,Rosenlyparken 144 2670 Greve,Rosenlyparken 144 2670,120.0,55.6067498,12.3153559,Greve,Rækkehus,14.01549966622736,1.5338389884761492
2018-02-27,1445000,"Solgt, Familiehandel",1976,https://www.boligsiden.dk/adresse/tyttebaerhaven-3-2670-greve-02538955___3_______,Tyttebærhaven 3 2670 Greve,Tyttebærhaven 3 2670,140.0,55.58414399999999,12.2803587,Greve,Rækkehus,17.337002999749693,2.1129376045722155
2018-08-26,1782500,"Solgt, Familiehandel",1986,https://www.boligsiden.dk/adresse/groennegaarden-121-2670-greve-02532465_121_______,Grønnegården 121 2670 Greve,Grønnegården 121 2670,108.0,55.60163439999999,12.3432386,Greve,Rækkehus,13.19560926918178,0.7743570656500448
2019-01-29,1797500,"Solgt, Familiehandel",2016,https://www.boligsiden.dk/adresse/agergaardshaven-37-2690-karlslunde-02537973__37_______,Agergårdshaven 37 2690 Karlslunde,Agergårdshaven 37 2690,136.0,55.5702098,12.2684314,Greve,Rækkehus,18.956836891921856,0.4366377071265988
2017-05-16,1450000,"Solgt, Auktion",1975,https://www.boligsiden.dk/adresse/solbaerengen-13-2670-greve-02537642__13_______,Solbærengen 13 2670 Greve,Solbærengen 13 2670,140.0,55.5820137,12.2866049,Greve,Rækkehus,17.220687066984496,2.074219639186026
2020-10-14,1078900,"Solgt, Øvrigt",1902,https://www.boligsiden.dk/adresse/noerregade-24-4030-tune-02536073__24_______,Nørregade 24 4030 Tune,Nørregade 24 4030,109.0,55.5941446,12.1735352,Greve,Rækkehus,22.11629709842923,6.744181398415188
2015-05-29,1935806,"Solgt, Familiehandel",1972,https://www.boligsiden.dk/adresse/rosenlyparken-86-2670-greve-02536824__86_______,Rosenlyparken 86 2670 Greve,Rosenlyparken 86 2670,120.0,55.6056432,12.313828,Greve,Rækkehus,14.169254706293694,1.5296958357826562
2015-06-03,1037500,"Solgt, Øvrigt",1934,https://www.boligsiden.dk/adresse/marievej-4a-2670-greve-02535123__4a_______,Marievej 4A 2670 Greve,Marievej 4A 2670,88.0,55.590047,12.3326582,Greve,Rækkehus,14.608667744800062,0.8243057698615025
2020-06-29,700000,"Solgt, Familiehandel",1964,https://www.boligsiden.dk/adresse/krogaardsvej-26-2670-greve-02534303__26_______,Krogårdsvej 26 2670 Greve,Krogårdsvej 26 2670,81.0,55.5926773,12.3353541,Greve,Rækkehus,14.275409435587552,0.5447548028103457
2019-03-13,1020000,"Solgt, Familiehandel",1950,https://www.boligsiden.dk/adresse/vestre-skovlyvej-5-2690-karlslunde-02539278___5_______,Vestre Skovlyvej 5 2690 Karlslunde,Vestre Skovlyvej 5 2690,78.0,55.5591959,12.2572667,Greve,Rækkehus,20.32448603986693,1.0737361569812325
2017-07-11,2245000,"Solgt, Familiehandel",1969,https://www.boligsiden.dk/adresse/aasager-124-2690-karlslunde-02539724_124_______,Åsager 124 2690 Karlslunde,Åsager 124 2690,113.0,55.5671334,12.2445908,Greve,Rækkehus,20.270756160692702,1.5282393504933514
2016-10-22,2400000,"Solgt, Familiehandel",1827,https://www.boligsiden.dk/adresse/vendalsgaard-8b-2690-karlslunde-02539139__8b_______,Vendalsgård 8B 2690 Karlslunde,Vendalsgård 8B 2690,125.0,55.57068349999999,12.2207567,Greve,Rækkehus,21.137886499970826,3.062994110780305
2017-01-19,1477500,"Solgt, Øvrigt",2015,https://www.boligsiden.dk/adresse/agergaardshaven-127-2690-karlslunde-02537973_127_______,Agergårdshaven 127 2690 Karlslunde,Agergårdshaven 127 2690,133.0,55.5702222,12.2683852,Greve,Rækkehus,18.957899326307476,0.4381985934151156
2017-03-20,1254060,"Solgt, Familiehandel",1969,https://www.boligsiden.dk/adresse/syrenkaeden-19-2670-greve-02538364__19_______,Syrenkæden 19 2670 Greve,Syrenkæden 19 2670,107.0,55.6019759,12.3114741,Greve,Rækkehus,14.554357863648784,1.4657895663368845
2016-04-15,2400000,"Solgt, Øvrigt",1974,https://www.boligsiden.dk/adresse/loevkaerparken-77-4030-tune-02534996__77_______,Løvkærparken 77 4030 Tune,Løvkærparken 77 4030,130.0,55.5994197,12.1770841,Greve,Rækkehus,21.63822298517009,6.843549032501873
2020-10-28,2747500,"Solgt, Familiehandel",1971,https://www.boligsiden.dk/adresse/solhegnet-24-2670-greve-02537650__24_______,Solhegnet 24 2670 Greve,Solhegnet 24 2670,141.0,55.5802203,12.2669836,Greve,Rækkehus,18.249107408792455,1.5533990515646874
2023-10-13,2803000,"Solgt, Familiehandel",1965,https://www.boligsiden.dk/adresse/koellegaardsvej-12a-2730-herlev-01635416_12a_______,Køllegårdsvej 12A 2730 Herlev,Køllegårdsvej 12A 2730,89.0,55.7371762,12.4347431,Herlev,Rækkehus,5.876630281087043,2.0807472999053256
2015-12-25,1500000,"Solgt, Familiehandel",1962,https://www.boligsiden.dk/adresse/tornerosevej-149-2730-herlev-01638469_149_______,Tornerosevej 149 2730 Herlev,Tornerosevej 149 2730,97.0,55.7313263,12.4506101,Herlev,Rækkehus,4.850321799923099,1.4138406922174742
2017-03-01,1487500,"Solgt, Familiehandel",1968,https://www.boligsiden.dk/adresse/roerloekken-37-2730-herlev-01636745__37_______,Rørløkken 37 2730 Herlev,Rørløkken 37 2730,107.0,55.7337048,12.4142054,Herlev,Rækkehus,6.314405445506103,1.3711809821577932
2016-05-20,873000,"Solgt, Familiehandel",1954,https://www.boligsiden.dk/adresse/fagotvej-62-2730-herlev-01631723__62_______,Fagotvej 62 2730 Herlev,Fagotvej 62 2730,99.0,55.7152201,12.4396711,Herlev,Rækkehus,3.72265051843537,0.5143019909340145
2021-11-12,1905000,"Solgt, Familiehandel",1971,https://www.boligsiden.dk/adresse/hjortespringparken-19-2730-herlev-01633249__19_______,Hjortespringparken 19 2730 Herlev,Hjortespringparken 19 2730,175.0,55.7483403,12.4223311,Herlev,Rækkehus,7.340067707255445,2.012756926177658
2020-02-20,750834,"Solgt, Familiehandel",1971,https://www.boligsiden.dk/adresse/hjortespringparken-19-2730-herlev-01633249__19_______,Hjortespringparken 19 2730 Herlev,Hjortespringparken 19 2730,175.0,55.7483403,12.4223311,Herlev,Rækkehus,7.340067707255445,2.012756926177658
2015-05-24,2250000,"Solgt, Familiehandel",1968,https://www.boligsiden.dk/adresse/roerloekken-12-2730-herlev-01636745__12_______,Rørløkken 12 2730 Herlev,Rørløkken 12 2730,124.0,55.7328936,12.4148068,Herlev,Rækkehus,6.222048413203206,1.3140683122099557
2017-11-20,1540000,"Solgt, Øvrigt",2017,https://www.boligsiden.dk/adresse/gammelgaardsvej-38a-2730-herlev-01632018_38a_______,Gammelgårdsvej 38A 2730 Herlev,Gammelgårdsvej 38A 2730,164.0,55.7486806,12.4199783,Herlev,Rækkehus,7.447505137866423,2.036461222734385
2018-12-11,1687500,"Solgt, Familiehandel",1969,https://www.boligsiden.dk/adresse/vingetoften-90-2730-herlev-01639257__90_______,Vingetoften 90 2730 Herlev,Vingetoften 90 2730,107.0,55.729919,12.4154357,Herlev,Rækkehus,5.952698721109282,1.0807397782108576
2019-05-16,2278000,"Solgt, Familiehandel",1967,https://www.boligsiden.dk/adresse/stokkemarkevej-11-2730-herlev-01637829__11_______,Stokkemarkevej 11 2730 Herlev,Stokkemarkevej 11 2730,104.0,55.7345165,12.4269396,Herlev,Rækkehus,5.889030846788681,1.9567575730448576
2015-02-04,2650000,"Solgt, Familiehandel",1967,https://www.boligsiden.dk/adresse/stokkemarkevej-11-2730-herlev-01637829__11_______,Stokkemarkevej 11 2730 Herlev,Stokkemarkevej 11 2730,104.0,55.7345165,12.4269396,Herlev,Rækkehus,5.889030846788681,1.9567575730448576
2017-11-21,1540000,"Solgt, Øvrigt",2017,https://www.boligsiden.dk/adresse/gammelgaardsvej-38b-2730-herlev-01632018_38b_______,Gammelgårdsvej 38B 2730 Herlev,Gammelgårdsvej 38B 2730,169.0,55.7486986,12.4200914,Herlev,Rækkehus,7.445582380923977,2.0316149426446253
2022-04-01,3800000,"Solgt, Øvrigt",2023,https://www.boligsiden.dk/adresse/langdyssen-82a-2730-herlev-01635465_82a_______,Langdyssen 82A 2730 Herlev,Langdyssen 82A 2730,170.0,55.73846330000001,12.4465697,Herlev,Rækkehus,5.6799296604178044,2.149967487928907
2019-04-29,2167500,"Solgt, Familiehandel",1971,https://www.boligsiden.dk/adresse/hjortespringparken-30-2730-herlev-01633249__30_______,Hjortespringparken 30 2730 Herlev,Hjortespringparken 30 2730,168.0,55.7480398,12.4226817,Herlev,Rækkehus,7.300154370659158,2.0362059535152226
2020-12-23,1747500,"Solgt, Familiehandel",1962,https://www.boligsiden.dk/adresse/perlevej-28a-2650-hvidovre-01676422_28a_______,Perlevej 28A 2650 Hvidovre,Perlevej 28A 2650,79.0,55.6196075,12.4834249,Hvidovre,Rækkehus,5.787773192284718,1.0392901756271016
2016-09-11,1615000,"Solgt, Familiehandel",1977,https://www.boligsiden.dk/adresse/enghoejparken-54-2650-hvidovre-01672230__54_______,Enghøjparken 54 2650 Hvidovre,Enghøjparken 54 2650,120.0,55.6221003,12.452598,Hvidovre,Rækkehus,7.538436534042464,0.3588811024362579
2020-02-03,1350000,"Solgt, Øvrigt",2020,https://www.boligsiden.dk/adresse/hvidovregade-57b-2650-hvidovre-01673912_57b_______,Hvidovregade 57B 2650 Hvidovre,Hvidovregade 57B 2650,141.0,55.6537476,12.4780319,Hvidovre,Rækkehus,3.81383640290312,1.2123922048143616
2020-06-23,3000000,"Solgt, Familiehandel",1949,https://www.boligsiden.dk/adresse/strandvangsvej-3b-2650-hvidovre-01678184__3b_______,Strandvangsvej 3B 2650 Hvidovre,Strandvangsvej 3B 2650,109.0,55.6241405,12.4867709,Hvidovre,Rækkehus,5.602173712101708,0.5961086091156608
2017-10-30,1759000,"Solgt, Familiehandel",1987,https://www.boligsiden.dk/adresse/dansvej-31d-2650-hvidovre-01671642_31d_______,Dansvej 31D 2650 Hvidovre,Dansvej 31D 2650,103.0,55.6305488,12.486448,Hvidovre,Rækkehus,5.358384008635203,0.3033928796329942
2020-06-16,546500,"Solgt, Familiehandel",1962,https://www.boligsiden.dk/adresse/strandholms-alle-56-2650-hvidovre-01677975__56_______,Strandholms Alle 56 2650 Hvidovre,Strandholms Alle 56 2650,64.0,55.61701309999999,12.4834752,Hvidovre,Rækkehus,5.790839643188703,1.3275893704431494
2016-11-21,1270000,"Solgt, Familiehandel",1939,https://www.boligsiden.dk/adresse/sydkaersvej-61-2650-hvidovre-01678363__61_______,Sydkærsvej 61 2650 Hvidovre,Sydkærsvej 61 2650,116.0,55.6473913,12.488852,Hvidovre,Rækkehus,4.0304640242288565,1.096382880117229
2019-03-12,2472500,"Solgt, Familiehandel",1962,https://www.boligsiden.dk/adresse/tvingsager-11-2650-hvidovre-01679020__11_______,Tvingsager 11 2650 Hvidovre,Tvingsager 11 2650,73.0,55.6464563,12.4657727,Hvidovre,Rækkehus,4.8633062271512495,2.0825023049205917
2022-09-12,2247500,"Solgt, Øvrigt",1950,https://www.boligsiden.dk/adresse/rebaek-alle-49b-2650-hvidovre-01676661_49b_______,Rebæk Alle 49B 2650 Hvidovre,Rebæk Alle 49B 2650,117.0,55.6566193,12.4619536,Hvidovre,Rækkehus,4.012780486429645,0.9352137834743988
2016-02-22,1400000,"Solgt, Familiehandel",1980,https://www.boligsiden.dk/adresse/enghoejparken-12-2650-hvidovre-01672230__12_______,Enghøjparken 12 2650 Hvidovre,Enghøjparken 12 2650,120.0,55.6214907,12.4504145,Hvidovre,Rækkehus,7.68661427928118,0.4760834400557555
2018-06-11,1656400,"Solgt, Familiehandel",1943,https://www.boligsiden.dk/adresse/bibliotekvej-20-2650-hvidovre-01670746__20_______,Bibliotekvej 20 2650 Hvidovre,Bibliotekvej 20 2650,110.0,55.6419511,12.4753827,Hvidovre,Rækkehus,5.067792335550783,1.5148850390391944
2023-06-26,2465112,"Solgt, Familiehandel",1961,https://www.boligsiden.dk/adresse/brostykkevej-77a-2650-hvidovre-01671194_77a_______,Brostykkevej 77A 2650 Hvidovre,Brostykkevej 77A 2650,105.0,55.6389267,12.4879079,Hvidovre,Rækkehus,4.638086583730236,0.7481987406850756
2017-09-25,1744257,"Solgt, Familiehandel""}]",2018,https://www.boligsiden.dk/adresse/storegade-23d-2650-hvidovre-01677766_23d_______,Storegade 23D 2650 Hvidovre,Storegade 23D 2650,154.0,55.64171709999999,12.4456047,Hvidovre,Rækkehus,5.939870872893114,1.914843826370716
2015-10-02,915000,"Solgt, Familiehandel",1984,https://www.boligsiden.dk/adresse/stendam-5-2650-hvidovre-01677616___5_______,Stendam 5 2650 Hvidovre,Stendam 5 2650,151.0,55.6512123,12.4655583,Hvidovre,Rækkehus,4.399637473727189,1.5740588444025398
2019-02-19,2125000,"Solgt, Familiehandel",1949,https://www.boligsiden.dk/adresse/koralvej-8a-2650-hvidovre-01674868__8a_______,Koralvej 8A 2650 Hvidovre,Koralvej 8A 2650,132.0,55.624748,12.4871559,Hvidovre,Rækkehus,5.584855633138963,0.5488238330748714
2021-01-19,1317500,"Solgt, Familiehandel",1940,https://www.boligsiden.dk/adresse/lellinge-alle-41a-2650-hvidovre-01675346_41a_______,Lellinge Alle 41A 2650 Hvidovre,Lellinge Alle 41A 2650,65.0,55.64318189999999,12.4930281,Hvidovre,Rækkehus,4.087418736235717,0.5737888806926693
2022-02-02,133158,"Solgt, Øvrigt",1951,https://www.boligsiden.dk/adresse/rebaek-alle-45b-2650-hvidovre-01676661_45b_______,Rebæk Alle 45B 2650 Hvidovre,Rebæk Alle 45B 2650,117.0,55.6571294,12.4621334,Hvidovre,Rækkehus,3.960308662379722,0.8827312757699959
2018-02-13,1750000,"Solgt, Øvrigt",1951,https://www.boligsiden.dk/adresse/rebaek-alle-45b-2650-hvidovre-01676661_45b_______,Rebæk Alle 45B 2650 Hvidovre,Rebæk Alle 45B 2650,117.0,55.6571294,12.4621334,Hvidovre,Rækkehus,3.960308662379722,0.8827312757699959
2015-05-06,1742500,"Solgt, Familiehandel",1949,https://www.boligsiden.dk/adresse/strandvangsvej-5a-2650-hvidovre-01678184__5a_______,Strandvangsvej 5A 2650 Hvidovre,Strandvangsvej 5A 2650,96.0,55.6241486,12.4869058,Hvidovre,Rækkehus,5.593825845611373,0.5991258062225958
2015-09-15,3000000,"Solgt, Familiehandel",1950,https://www.boligsiden.dk/adresse/praestemosen-50-2650-hvidovre-01676601__50_______,Præstemosen 50 2650 Hvidovre,Præstemosen 50 2650,119.0,55.6565999,12.4619365,Hvidovre,Rækkehus,4.015156680419414,0.9370800236690112
2015-02-18,2350000,"Solgt, Familiehandel",1961,https://www.boligsiden.dk/adresse/brostykkevej-91a-2650-hvidovre-01671194_91a_______,Brostykkevej 91A 2650 Hvidovre,Brostykkevej 91A 2650,104.0,55.63863629999999,12.4857457,Hvidovre,Rækkehus,4.761981208445048,0.8868343701183978
2015-08-06,1400000,"Solgt, Familiehandel",1973,https://www.boligsiden.dk/adresse/bredekaers-vaenge-106-2635-ishoej-01830082_106_______,Bredekærs Vænge 106 2635 Ishøj,Bredekærs Vænge 106 2635,112.0,55.62006359999999,12.3539864,Ishoej,Rækkehus,11.23585278043354,0.790096720569475
2018-01-22,830000,"Solgt, Auktion",1972,https://www.boligsiden.dk/adresse/landlyst-vaenge-60-2635-ishoej-01830385__60_______,Landlyst Vænge 60 2635 Ishøj,Landlyst Vænge 60 2635,112.0,55.6180093,12.3508717,Ishoej,Rækkehus,11.535623667652972,0.6872380599620734
2018-12-21,725000,"Solgt, Familiehandel",1972,https://www.boligsiden.dk/adresse/egelunden-5-2635-ishoej-01830143___5_______,Egelunden 5 2635 Ishøj,Egelunden 5 2635,117.0,55.6126345,12.3382244,Ishoej,Rækkehus,12.52068413740603,1.2464016823153827
2019-09-30,981731,"Solgt, Øvrigt",1972,https://www.boligsiden.dk/adresse/boegelunden-54-2635-ishoej-01830125__54_______,Bøgelunden 54 2635 Ishøj,Bøgelunden 54 2635,117.0,55.61251499999999,12.3402596,Ishoej,Rækkehus,12.438932965816434,1.11987435604179
2016-08-10,1550000,"Solgt, Familiehandel",1980,https://www.boligsiden.dk/adresse/vejledalen-364-2635-ishoej-01830854_364_______,Vejledalen 364 2635 Ishøj,Vejledalen 364 2635,100.0,55.6137537,12.3651841,Ishoej,Rækkehus,11.275592240685356,0.4515198344503476
2021-07-30,637500,"Solgt, Familiehandel",1972,https://www.boligsiden.dk/adresse/tjoernelunden-3-2635-ishoej-01830705___3_______,Tjørnelunden 3 2635 Ishøj,Tjørnelunden 3 2635,117.0,55.6094494,12.3400411,Ishoej,Rækkehus,12.690926105305904,1.2097261629995484
2017-01-04,617974,"Solgt, Familiehandel",1972,https://www.boligsiden.dk/adresse/egelunden-18-2635-ishoej-01830143__18_______,Egelunden 18 2635 Ishøj,Egelunden 18 2635,117.0,55.6118475,12.3368748,Ishoej,Rækkehus,12.642465278272576,1.3389931287376895
2020-04-06,967370,"Solgt, Familiehandel",1972,https://www.boligsiden.dk/adresse/landlyst-vaenge-120-2635-ishoej-01830385_120_______,Landlyst Vænge 120 2635 Ishøj,Landlyst Vænge 120 2635,116.0,55.6189706,12.3487327,Ishoej,Rækkehus,11.55640930098958,0.8565400844403386
2016-05-10,1695000,"Solgt, Auktion",1980,https://www.boligsiden.dk/adresse/vejledalen-362-2635-ishoej-01830854_362_______,Vejledalen 362 2635 Ishøj,Vejledalen 362 2635,101.0,55.613684,12.365248,Ishoej,Rækkehus,11.278935180619584,0.4547861432414798
2015-04-01,1700000,"Solgt, Øvrigt",1972,https://www.boligsiden.dk/adresse/tjoernelunden-30-2635-ishoej-01830705__30_______,Tjørnelunden 30 2635 Ishøj,Tjørnelunden 30 2635,117.0,55.6094774,12.3411211,Ishoej,Rækkehus,12.641516451751237,1.145459360952939
2015-12-31,637500,"Solgt, Familiehandel",1974,https://www.boligsiden.dk/adresse/vejlebrovej-24a-2635-ishoej-01830850_24a_______,Vejlebrovej 24A 2635 Ishøj,Vejlebrovej 24A 2635,142.0,55.6101486,12.3578415,Ishoej,Rækkehus,11.879661859690057,0.3545700738759644
2019-04-25,751653,"Solgt, Familiehandel",1972,https://www.boligsiden.dk/adresse/landlyst-vaenge-140-2635-ishoej-01830385_140_______,Landlyst Vænge 140 2635 Ishøj,Landlyst Vænge 140 2635,112.0,55.6193863,12.3481107,Ishoej,Rækkehus,11.552436785119232,0.9169873472826832
2018-06-04,2300000,"Solgt, Familiehandel",1972,https://www.boligsiden.dk/adresse/tjoernelunden-39-2635-ishoej-01830705__39_______,Tjørnelunden 39 2635 Ishøj,Tjørnelunden 39 2635,119.0,55.6093627,12.3400871,Ishoej,Rækkehus,12.695831446639646,1.2105141985541898
2016-12-15,1652000,"Solgt, Familiehandel",1972,https://www.boligsiden.dk/adresse/tjoernelunden-21-2635-ishoej-01830705__21_______,Tjørnelunden 21 2635 Ishøj,Tjørnelunden 21 2635,117.0,55.609863,12.3399298,Ishoej,Rækkehus,12.66286161771174,1.200682253144023
2022-06-10,757462,"Solgt, Familiehandel",1974,https://www.boligsiden.dk/adresse/vejlebrovej-34a-2635-ishoej-01830850_34a_______,Vejlebrovej 34A 2635 Ishøj,Vejlebrovej 34A 2635,142.0,55.611796,12.3580929,Ishoej,Rækkehus,11.730741830885153,0.1712266103148836
2021-02-16,70000,"Solgt, Øvrigt",1972,https://www.boligsiden.dk/adresse/bredekaers-vaenge-41-2635-ishoej-01830082__41_______,Bredekærs Vænge 41 2635 Ishøj,Bredekærs Vænge 41 2635,112.0,55.6178573,12.352291,Ishoej,Rækkehus,11.484738064996863,0.6187103581854154
2021-10-07,1500000,"Solgt, Øvrigt",1972,https://www.boligsiden.dk/adresse/fyrrelunden-61-2635-ishoej-01830198__61_______,Fyrrelunden 61 2635 Ishøj,Fyrrelunden 61 2635,117.0,55.6114764,12.3431052,Ishoej,Rækkehus,12.395181794973766,0.9599803197207084
2017-12-11,925000,"Solgt, Familiehandel",1978,https://www.boligsiden.dk/adresse/vejledalen-196-2635-ishoej-01830854_196_______,Vejledalen 196 2635 Ishøj,Vejledalen 196 2635,76.0,55.61416149999999,12.3663315,Ishoej,Rækkehus,11.194512314638766,0.5292038957959865
2017-05-16,4200000,"Solgt, Familiehandel",1944,https://www.boligsiden.dk/adresse/fyrrevang-45-2830-virum-01730262__45_______,Fyrrevang 45 2830 Virum,Fyrrevang 45 2830,108.0,55.7951422,12.4874421,Lyngby-Taarbaek,Rækkehus,10.900127891548811,0.885973985845068
2016-05-03,2120000,"Solgt, Familiehandel",1937,https://www.boligsiden.dk/adresse/boegevang-8-2830-virum-01730126___8_______,Bøgevang 8 2830 Virum,Bøgevang 8 2830,75.0,55.79375779999999,12.4865893,Lyngby-Taarbaek,Rækkehus,10.775021800574656,0.859424094539633
2018-08-29,4300000,"Solgt, Familiehandel",1957,https://www.boligsiden.dk/adresse/granparken-151-2800-kongens-lyngby-01730298_151_______,Granparken 151 2800 Kongens Lyngby,Granparken 151 2800,127.0,55.7921163,12.5081536,Lyngby-Taarbaek,Rækkehus,10.156259894633688,1.956604015651001
2015-04-24,3125000,"Solgt, Familiehandel",1943,https://www.boligsiden.dk/adresse/kaplevej-67-2830-virum-01730416__67_______,Kaplevej 67 2830 Virum,Kaplevej 67 2830,126.0,55.78573290000001,12.4695131,Lyngby-Taarbaek,Rækkehus,10.408419263484973,1.0092855114903412
2021-03-01,1720000,"Solgt, Familiehandel",1900,https://www.boligsiden.dk/adresse/noerregade-8b-2800-kongens-lyngby-01730628__8b_______,Nørregade 8B 2800 Kongens Lyngby,Nørregade 8B 2800,81.0,55.7777981,12.5048002,Lyngby-Taarbaek,Rækkehus,8.720695014936819,1.0776939145604705
2015-06-25,2720000,"Solgt, Familiehandel",1936,https://www.boligsiden.dk/adresse/blomstervaenget-59-2800-kongens-lyngby-01730076__59_______,Blomstervænget 59 2800 Kongens Lyngby,Blomstervænget 59 2800,104.0,55.76327149999999,12.504605,Lyngby-Taarbaek,Rækkehus,7.208348352673164,0.5551276158735643
2015-11-30,2516000,"Solgt, Øvrigt",1955,https://www.boligsiden.dk/adresse/aabrinken-111-2830-virum-01730890_111_______,Åbrinken 111 2830 Virum,Åbrinken 111 2830,155.0,55.796763,12.494352,Lyngby-Taarbaek,Rækkehus,10.928097721810412,1.31986321435471
2017-05-29,1997500,"Solgt, Familiehandel",1938,https://www.boligsiden.dk/adresse/islandsvej-10c-2800-kongens-lyngby-01730382_10c_______,Islandsvej 10C 2800 Kongens Lyngby,Islandsvej 10C 2800,86.0,55.79694989999999,12.5082488,Lyngby-Taarbaek,Rækkehus,10.651232323038876,2.187795843275915
2021-03-01,1720000,"Solgt, Familiehandel",1900,https://www.boligsiden.dk/adresse/noerregade-8a-2800-kongens-lyngby-01730628__8a_______,Nørregade 8A 2800 Kongens Lyngby,Nørregade 8A 2800,99.0,55.7777958,12.5047553,Lyngby-Taarbaek,Rækkehus,8.721328678525984,1.077128401314729
2016-03-15,650000,"Solgt, Øvrigt",1955,https://www.boligsiden.dk/adresse/aabrinken-151-2830-virum-01730890_151_______,Åbrinken 151 2830 Virum,Åbrinken 151 2830,129.0,55.7972662,12.4942016,Lyngby-Taarbaek,Rækkehus,10.984221454196572,1.3164142612760228
2015-07-10,1484624,"Solgt, Familiehandel",1929,https://www.boligsiden.dk/adresse/engelsborgvej-37-2800-kongens-lyngby-01730200__37_______,Engelsborgvej 37 2800 Kongens Lyngby,Engelsborgvej 37 2800,135.0,55.7672383,12.4970568,Lyngby-Taarbaek,Rækkehus,7.800229287016538,0.3778927733751814
2020-07-06,324800,"Solgt, Familiehandel",1938,https://www.boligsiden.dk/adresse/boegevang-39-2830-virum-01730126__39_______,Bøgevang 39 2830 Virum,Bøgevang 39 2830,75.0,55.79505289999999,12.4852256,Lyngby-Taarbaek,Rækkehus,10.94005283775046,0.7489076444242556
2017-04-18,2750000,"Solgt, Familiehandel",1955,https://www.boligsiden.dk/adresse/aabrinken-78-2830-virum-01730890__78_______,Åbrinken 78 2830 Virum,Åbrinken 78 2830,196.0,55.7949918,12.4965748,Lyngby-Taarbaek,Rækkehus,10.69809905205552,1.4566768555978
2015-03-11,3100000,"Solgt, Familiehandel",1951,https://www.boligsiden.dk/adresse/groennevej-204-2830-virum-01730302_204_______,Grønnevej 204 2830 Virum,Grønnevej 204 2830,114.0,55.7867482,12.4754186,Lyngby-Taarbaek,Rækkehus,10.339818944515786,0.7952747479548535
2018-08-22,4375000,"Solgt, Familiehandel",1940,https://www.boligsiden.dk/adresse/gartnersvinget-17-2800-kongens-lyngby-01730279__17_______,Gartnersvinget 17 2800 Kongens Lyngby,Gartnersvinget 17 2800,118.0,55.7839955,12.4871586,Lyngby-Taarbaek,Rækkehus,9.755372384751894,0.380171952330823
2016-12-07,3701000,"Solgt, Familiehandel",1948,https://www.boligsiden.dk/adresse/syrenvaenget-21-2830-virum-01730788__21_______,Syrenvænget 21 2830 Virum,Syrenvænget 21 2830,133.0,55.7841199,12.4731118,Lyngby-Taarbaek,Rækkehus,10.144486916247686,0.7264103880712536
2015-04-04,1975000,"Solgt, Øvrigt",1957,https://www.boligsiden.dk/adresse/lindevangen-45-2830-virum-01730515__45_______,Lindevangen 45 2830 Virum,Lindevangen 45 2830,137.0,55.7958289,12.4908879,Lyngby-Taarbaek,Rækkehus,10.898807795941334,1.0986821479013358
2016-11-22,27984060,"Solgt, Familiehandel",1740,https://www.boligsiden.dk/adresse/frederiksdalsvej-351-0-th-2800-kongens-lyngby-01730229_351_st__th,"Frederiksdalsvej 351, st. th. 2800 Kongens Lyngby",Frederiksdalsvej 351,133.0,55.7814166,12.4483183,Lyngby-Taarbaek,Rækkehus,10.23570991496767,2.01252054196242
2016-12-24,2350000,"Solgt, Familiehandel",1939,https://www.boligsiden.dk/adresse/sjaellandsvej-19-2800-kongens-lyngby-01730707__19_______,Sjællandsvej 19 2800 Kongens Lyngby,Sjællandsvej 19 2800,90.0,55.7966606,12.5098591,Lyngby-Taarbaek,Rækkehus,10.581555401420657,2.28665448655334
2015-10-20,2400000,"Solgt, Familiehandel",1956,https://www.boligsiden.dk/adresse/aabrinken-189-2830-virum-01730890_189_______,Åbrinken 189 2830 Virum,Åbrinken 189 2830,129.0,55.7976866,12.4942773,Lyngby-Taarbaek,Rækkehus,11.027250124505873,1.3278236431644883
2021-05-28,2753500,"Solgt, Familiehandel",1957,https://www.boligsiden.dk/adresse/granparken-147-2800-kongens-lyngby-01730298_147_______,Granparken 147 2800 Kongens Lyngby,Granparken 147 2800,127.0,55.7920483,12.5083847,Lyngby-Taarbaek,Rækkehus,10.1443344721853,1.9633524963589224
2019-06-17,725000,"Solgt, Øvrigt",1959,https://www.boligsiden.dk/adresse/kulsviervej-76-0-tv-2800-kongens-lyngby-01730477__76_st__tv,"Kulsviervej 76, st. tv. 2800 Kongens Lyngby",Kulsviervej 76,109.0,55.7932608,12.5129106,Lyngby-Taarbaek,Rækkehus,10.158923195889834,2.270621285880236
2017-11-28,3065000,"Solgt, Familiehandel",1955,https://www.boligsiden.dk/adresse/aabrinken-14-2830-virum-01730890__14_______,Åbrinken 14 2830 Virum,Åbrinken 14 2830,175.0,55.794645,12.4951266,Lyngby-Taarbaek,Rækkehus,10.689182060191376,1.3692885305056766
2016-05-17,2167500,"Solgt, Familiehandel",1940,https://www.boligsiden.dk/adresse/fynsvej-18-2800-kongens-lyngby-01730255__18_______,Fynsvej 18 2800 Kongens Lyngby,Fynsvej 18 2800,81.0,55.7967514,12.51069,Lyngby-Taarbaek,Rækkehus,10.570399309924415,2.338992867338436
2016-02-24,2600000,"Solgt, Øvrigt",1938,https://www.boligsiden.dk/adresse/birkevang-30-2830-virum-01730062__30_______,Birkevang 30 2830 Virum,Birkevang 30 2830,79.0,55.7945913,12.4850383,Lyngby-Taarbaek,Rækkehus,10.896448319559214,0.744521685317288
2020-05-27,3750000,"Solgt, Familiehandel",1895,https://www.boligsiden.dk/adresse/brede-66-2800-kongens-lyngby-01730091__66_______,Brede 66 2800 Kongens Lyngby,Brede 66 2800,134.0,55.7906033,12.4993717,Lyngby-Taarbaek,Rækkehus,10.180110068333788,1.4359045390858098
2017-05-26,3001000,"Solgt, Øvrigt",1917,https://www.boligsiden.dk/adresse/hyldehavevej-8-2800-kongens-lyngby-01730361___8_______,Hyldehavevej 8 2800 Kongens Lyngby,Hyldehavevej 8 2800,104.0,55.7798135,12.5086574,Lyngby-Taarbaek,Rækkehus,8.863392925049002,1.3446672534212882
2016-11-22,27984060,"Solgt, Familiehandel",1740,https://www.boligsiden.dk/adresse/frederiksdalsvej-351-0-tv-2800-kongens-lyngby-01730229_351_st__tv,"Frederiksdalsvej 351, st. tv. 2800 Kongens Lyngby",Frederiksdalsvej 351,179.0,55.7814166,12.4483183,Lyngby-Taarbaek,Rækkehus,10.23570991496767,2.01252054196242
2017-10-03,3075000,"Solgt, Familiehandel",1949,https://www.boligsiden.dk/adresse/skovfryd-13-2800-kongens-lyngby-01730723__13_______,Skovfryd 13 2800 Kongens Lyngby,Skovfryd 13 2800,151.0,55.7948986,12.5436257,Lyngby-Taarbaek,Rækkehus,9.65499015836061,3.4452014269016584
2016-08-25,1913000,"Solgt, Familiehandel",1972,https://www.boligsiden.dk/adresse/roedager-alle-55g-2610-roedovre-01750699_55g_______,Rødager Alle 55G 2610 Rødovre,Rødager Alle 55G 2610,123.0,55.6744631,12.4567301,roedovre,Rækkehus,2.4119366791037664,1.078973580548552
2018-12-04,1815000,"Solgt, Øvrigt",1956,https://www.boligsiden.dk/adresse/mollerupvej-26-2610-roedovre-01750565__26_______,Mollerupvej 26 2610 Rødovre,Mollerupvej 26 2610,130.0,55.6885913,12.4456525,roedovre,Rækkehus,2.242692626266713,1.8885377503446503
2020-03-02,1353845,"Solgt, Familiehandel",1944,https://www.boligsiden.dk/adresse/oksboelvej-20-2610-roedovre-01750630__20_______,Oksbølvej 20 2610 Rødovre,Oksbølvej 20 2610,89.0,55.6969663,12.4546043,roedovre,Rækkehus,1.7799880823363097,0.9521534522546932
2016-01-18,1150000,"Solgt, Familiehandel",1981,https://www.boligsiden.dk/adresse/islevbrovej-4c-2610-roedovre-01750391__4c_______,Islevbrovej 4C 2610 Rødovre,Islevbrovej 4C 2610,102.0,55.7056878,12.4506,roedovre,Rækkehus,2.4981810204605117,0.9377568237867144
2015-07-17,1700000,"Solgt, Familiehandel",1958,https://www.boligsiden.dk/adresse/hvidsvaermervej-24b-2610-roedovre-01750370_24b_______,Hvidsværmervej 24B 2610 Rødovre,Hvidsværmervej 24B 2610,80.0,55.7031967,12.4443038,roedovre,Rækkehus,2.6632306924662537,1.415950425821814
2018-08-01,1600000,"Solgt, Familiehandel",1959,https://www.boligsiden.dk/adresse/schweizerdalsvej-145-2610-roedovre-01750720_145_______,Schweizerdalsvej 145 2610 Rødovre,Schweizerdalsvej 145 2610,100.0,55.6877995,12.4506738,roedovre,Rækkehus,1.9465067576557824,1.7119251655624808
2016-10-14,3000000,"Solgt, Familiehandel",1969,https://www.boligsiden.dk/adresse/voldumvej-54-2610-roedovre-01750965__54_______,Voldumvej 54 2610 Rødovre,Voldumvej 54 2610,125.0,55.6867184,12.4665137,roedovre,Rækkehus,1.0445732340263476,0.8123337093690614
2015-06-19,2161000,"Solgt, Familiehandel",1942,https://www.boligsiden.dk/adresse/noerregaardsvej-108b-2610-roedovre-01750614108b_______,Nørregårdsvej 108B 2610 Rødovre,Nørregårdsvej 108B 2610,114.0,55.6910113,12.4471151,roedovre,Rækkehus,2.131727424302312,1.657141163976647
2015-03-11,3300000,"Solgt, Familiehandel",1943,https://www.boligsiden.dk/adresse/minervavej-15-2610-roedovre-01750560__15_______,Minervavej 15 2610 Rødovre,Minervavej 15 2610,100.0,55.6787177,12.4663976,roedovre,Rækkehus,1.6703510683357774,1.4899339066992556
2015-06-19,2161000,"Solgt, Familiehandel",1942,https://www.boligsiden.dk/adresse/noerregaardsvej-108a-2610-roedovre-01750614108a_______,Nørregårdsvej 108A 2610 Rødovre,Nørregårdsvej 108A 2610,74.0,55.69091820000001,12.4470768,roedovre,Rækkehus,2.134276950100358,1.6647975126317298
2019-03-27,1362500,"Solgt, Familiehandel",1956,https://www.boligsiden.dk/adresse/noerregaardsvej-255-2610-roedovre-01750614_255_______,Nørregårdsvej 255 2610 Rødovre,Nørregårdsvej 255 2610,126.0,55.6895825,12.4416354,roedovre,Rækkehus,2.481893485834672,2.0324910237068874
2017-01-17,1270555,"Solgt, Øvrigt",1969,https://www.boligsiden.dk/adresse/voldumvej-44-2610-roedovre-01750965__44_______,Voldumvej 44 2610 Rødovre,Voldumvej 44 2610,124.0,55.6862643,12.4665883,roedovre,Rækkehus,1.0657800617088042,0.8360847073037353
2021-05-27,1140000,"Solgt, Øvrigt",1963,https://www.boligsiden.dk/adresse/noerrevangen-18c-2610-roedovre-01750618_18c_______,Nørrevangen 18C 2610 Rødovre,Nørrevangen 18C 2610,106.0,55.7065661,12.4410853,roedovre,Rækkehus,3.0332463603665727,1.4143608949455997
2017-08-13,400000,"Solgt, Øvrigt",1955,https://www.boligsiden.dk/adresse/groennemarksvej-4c-2610-roedovre-01750280__4c_______,Grønnemarksvej 4C 2610 Rødovre,Grønnemarksvej 4C 2610,120.0,55.68654340000001,12.4407245,roedovre,Rækkehus,2.585475392896095,2.272125416782924
2019-03-06,1500000,"Solgt, Familiehandel",1960,https://www.boligsiden.dk/adresse/krarupvej-19a-2610-roedovre-01750474_19a_______,Krarupvej 19A 2610 Rødovre,Krarupvej 19A 2610,114.0,55.712379,12.4458819,roedovre,Rækkehus,3.225407689054112,0.7671928639177269
2019-05-15,957639,"Solgt, Familiehandel",1976,https://www.boligsiden.dk/adresse/raevebakkevej-33a-2610-roedovre-01750696_33a_______,Rævebakkevej 33A 2610 Rødovre,Rævebakkevej 33A 2610,82.0,55.7117531,12.4419844,roedovre,Rækkehus,3.349502452903236,0.8352155599298486
2019-03-06,1500000,"Solgt, Familiehandel",1960,https://www.boligsiden.dk/adresse/krarupvej-19b-2610-roedovre-01750474_19b_______,Krarupvej 19B 2610 Rødovre,Krarupvej 19B 2610,83.0,55.71235799999999,12.4457039,roedovre,Rækkehus,3.2313567530783485,0.767771292250379
2017-05-30,36217000,"Solgt, Auktion""}]",2021,https://www.boligsiden.dk/adresse/vedbaek-strandvej-330b-2950-vedbaek-02300691330b_______,Vedbæk Strandvej 330B 2950 Vedbæk,Vedbæk Strandvej 330B 2950,315.0,55.8430645,12.5731151,Rudersdal,Rækkehus,14.560969318314983,7.459778414194971
2016-07-02,2337500,"Solgt, Øvrigt",1964,https://www.boligsiden.dk/adresse/henrikshave-26-2950-vedbaek-02300254__26_______,Henrikshave 26 2950 Vedbæk,Henrikshave 26 2950,122.0,55.8545437,12.5451019,Rudersdal,Rækkehus,16.06392808818637,7.733150744773121
2019-08-16,332500,"Solgt, Øvrigt",2017,https://www.boligsiden.dk/adresse/hoejbovej-7b-3460-birkeroed-02300287__7b_______,Højbovej 7B 3460 Birkerød,Højbovej 7B 3460,136.0,55.8496096,12.427059,Rudersdal,Rækkehus,17.93202167899586,1.0228725851064882
2023-05-19,2975000,"Solgt, Familiehandel",2015,https://www.boligsiden.dk/adresse/carl-von-rosensvej-11-2950-vedbaek-02300747__11_______,Carl Von Rosensvej 11 2950 Vedbæk,Carl Von Rosensvej 11 2950,144.0,55.85717510000001,12.5490223,Rudersdal,Rækkehus,16.30869534340134,8.034824599372822
2018-04-23,4900000,"Solgt, Familiehandel",1957,https://www.boligsiden.dk/adresse/rude-vang-75-2840-holte-02300495__75_______,Rude Vang 75 2840 Holte,Rude Vang 75 2840,137.0,55.81958849999999,12.4595406,Rudersdal,Rækkehus,14.073052693571723,2.785483874986435
2018-02-23,2512000,"Solgt, Øvrigt",1978,https://www.boligsiden.dk/adresse/ellekrattet-21-2950-vedbaek-02300136__21_______,"Ellekrattet 21 Trørød, 2950 Vedbæk",Ellekrattet 21,167.0,55.8420931,12.533411,Rudersdal,Rækkehus,14.871035603665971,6.374566174793615
2016-04-25,1533500,"Solgt, Øvrigt",2006,https://www.boligsiden.dk/adresse/braadebaeksvej-1c-2970-hoersholm-02300071__1c_______,Brådebæksvej 1C 2970 Hørsholm,Brådebæksvej 1C 2970,112.0,55.8636298,12.4960217,Rudersdal,Rækkehus,17.850650199658276,5.187804160113035
2015-03-03,5200000,"Solgt, Familiehandel",1966,https://www.boligsiden.dk/adresse/henrikshave-33-2950-vedbaek-02300254__33_______,Henrikshave 33 2950 Vedbæk,Henrikshave 33 2950,127.0,55.85429329999999,12.5422895,Rudersdal,Rækkehus,16.07013711492906,7.555598047148194
2018-07-11,915000,"Solgt, Familiehandel",1985,https://www.boligsiden.dk/adresse/egehegnet-121-2850-naerum-02300123_121_______,Egehegnet 121 2850 Nærum,Egehegnet 121 2850,99.0,55.8162636,12.5234522,Rudersdal,Rækkehus,12.316301444800605,3.874801907214272
2020-02-01,1175000,"Solgt, Familiehandel",1985,https://www.boligsiden.dk/adresse/egehegnet-91-2850-naerum-02300123__91_______,Egehegnet 91 2850 Nærum,Egehegnet 91 2850,122.0,55.81575249999999,12.5224163,Rudersdal,Rækkehus,12.286171204322908,3.789045211934216
2021-09-24,2082500,"Solgt, Familiehandel",1968,https://www.boligsiden.dk/adresse/langebjerg-60-2850-naerum-02300369__60_______,Langebjerg 60 2850 Nærum,Langebjerg 60 2850,120.0,55.8104592,12.5270767,Rudersdal,Rækkehus,11.632489082064868,3.736382265705411
2018-03-09,2640000,"Solgt, Familiehandel",1959,https://www.boligsiden.dk/adresse/rude-vang-31c-2840-holte-02300495_31c_______,Rude Vang 31C 2840 Holte,Rude Vang 31C 2840,144.0,55.8180293,12.462688,Rudersdal,Rækkehus,13.836583907495676,2.563312004231157
2017-05-30,36217000,"Solgt, Auktion""}]",2021,https://www.boligsiden.dk/adresse/vedbaek-strandvej-330a-2950-vedbaek-02300691330a_______,Vedbæk Strandvej 330A 2950 Vedbæk,Vedbæk Strandvej 330A 2950,320.0,55.84296250000001,12.5729985,Rudersdal,Rækkehus,14.550283555842537,7.449435497898952
2019-05-09,1798750,"Solgt, Familiehandel",1970,https://www.boligsiden.dk/adresse/loebjerg-17-3460-birkeroed-02300401__17_______,Løbjerg 17 3460 Birkerød,Løbjerg 17 3460,133.0,55.8520427,12.4208402,Rudersdal,Rækkehus,18.27404364066118,1.2849542044078088
2017-04-29,1827500,"Solgt, Familiehandel",1985,https://www.boligsiden.dk/adresse/egehegnet-101-2850-naerum-02300123_101_______,Egehegnet 101 2850 Nærum,Egehegnet 101 2850,99.0,55.8158056,12.5233982,Rudersdal,Rækkehus,12.269844056221652,3.842327894825607
2017-11-01,1450000,"Solgt, Familiehandel",1969,https://www.boligsiden.dk/adresse/ellehaven-50-2950-vedbaek-02300134__50_______,"Ellehaven 50 Trørød, 2950 Vedbæk",Ellehaven 50,140.0,55.8405663,12.5318385,Rudersdal,Rækkehus,14.731807464094024,6.1795833240485525
2016-06-16,880000,"Solgt, Familiehandel",2005,https://www.boligsiden.dk/adresse/viggo-jarls-vej-21-2830-virum-02300721__21_______,"Viggo Jarls Vej 21 Søllerød, 2830 Virum",Viggo Jarls Vej 21,144.0,55.79902019999999,12.4922324,Rudersdal,Rækkehus,11.207843203261902,1.2368542498831867
2015-01-22,2003000,"Solgt, Familiehandel",2002,https://www.boligsiden.dk/adresse/baneskellet-50-2950-vedbaek-02300029__50_______,Baneskellet 50 2950 Vedbæk,Baneskellet 50 2950,100.0,55.8554355,12.5623149,Rudersdal,Rækkehus,15.998179892176497,8.656224152224542
2022-06-30,3400000,"Solgt, Familiehandel",1971,https://www.boligsiden.dk/adresse/kikhanebakken-139-2840-holte-02300325_139_______,"Kikhanebakken 139 Gl Holte, 2840 Holte",Kikhanebakken 139,166.0,55.8231973,12.5196895,Rudersdal,Rækkehus,13.120776856553253,4.207584696782717
2020-10-16,828750,"Solgt, Familiehandel",1920,https://www.boligsiden.dk/adresse/skodsborgparken-7-2942-skodsborg-02300539___7_______,Skodsborgparken 7 2942 Skodsborg,Skodsborgparken 7 2942,97.0,55.8215467,12.5723657,Rudersdal,Rækkehus,12.183285301035578,5.103148186465852
2015-01-21,1147500,"Solgt, Familiehandel",1950,https://www.boligsiden.dk/adresse/ludvig-jensens-vej-28-3460-birkeroed-02300390__28_______,Ludvig Jensens Vej 28 3460 Birkerød,Ludvig Jensens Vej 28 3460,145.0,55.8443333,12.4162466,Rudersdal,Rækkehus,17.50061444026692,0.6251598696453768
2019-05-16,1675000,"Solgt, Familiehandel",1969,https://www.boligsiden.dk/adresse/ellehaven-46-2950-vedbaek-02300134__46_______,"Ellehaven 46 Trørød, 2950 Vedbæk",Ellehaven 46,140.0,55.8408595,12.5313515,Rudersdal,Rækkehus,14.77118320447982,6.18801300137479
2019-01-10,3900000,"Solgt, Familiehandel",2014,https://www.boligsiden.dk/adresse/borchsvej-22-2950-vedbaek-02300753__22_______,Borchsvej 22 2950 Vedbæk,Borchsvej 22 2950,150.0,55.85690469999999,12.5520648,Rudersdal,Rækkehus,16.248221432777694,8.213135366409754
2015-08-17,1275000,"Solgt, Familiehandel",1950,https://www.boligsiden.dk/adresse/uldumvej-10-2770-kastrup-01852770__10_______,Uldumvej 10 2770 Kastrup,Uldumvej 10 2770,96.0,55.6223376,12.6230446,taarnby,Rækkehus,1.7073937080167996,6.2221163412886815
2019-11-11,975000,"Solgt, Familiehandel",1966,https://www.boligsiden.dk/adresse/stenlaengen-5-2770-kastrup-01852530___5_______,Stenlængen 5 2770 Kastrup,Stenlængen 5 2770,89.0,55.6317959,12.5956695,taarnby,Rækkehus,1.079708076929381,4.363662797869874
2015-06-02,1589500,"Solgt, Familiehandel",1948,https://www.boligsiden.dk/adresse/tagetesstien-23-2770-kastrup-01852600__23_______,Tagetesstien 23 2770 Kastrup,Tagetesstien 23 2770,136.0,55.63673970000001,12.6331158,taarnby,Rækkehus,0.9980334937495934,5.60101887663263
2015-04-21,376500,"Solgt, Familiehandel",1944,https://www.boligsiden.dk/adresse/storedal-4-2770-kastrup-01852540___4_______,Storedal 4 2770 Kastrup,Storedal 4 2770,86.0,55.6396415,12.6128873,taarnby,Rækkehus,1.7146217074144934,4.397054964411274
2019-03-04,1850000,"Solgt, Familiehandel",1958,https://www.boligsiden.dk/adresse/hadsten-alle-12-2770-kastrup-01851565__12_______,Hadsten Alle 12 2770 Kastrup,Hadsten Alle 12 2770,88.0,55.62161589999999,12.6159377,taarnby,Rækkehus,1.3828058490202673,6.0117425589020375
2019-09-29,522000,"Solgt, Familiehandel",1956,https://www.boligsiden.dk/adresse/oberst-kochs-alle-12b-2770-kastrup-01852175_12b_______,Oberst Kochs Alle 12B 2770 Kastrup,Oberst Kochs Alle 12B 2770,110.0,55.6339704,12.6468286,taarnby,Rækkehus,0.4147747998361225,6.488330564730726
2015-03-31,720000,"Solgt, Familiehandel",1946,https://www.boligsiden.dk/adresse/syvstjerne-alle-21-2770-kastrup-01852580__21_______,Syvstjerne Alle 21 2770 Kastrup,Syvstjerne Alle 21 2770,96.0,55.6274404,12.6217446,taarnby,Rækkehus,1.7408270920462705,5.741273885705263
2015-05-09,1650399,"Solgt, Familiehandel",1954,https://www.boligsiden.dk/adresse/snoghoej-alle-21-2770-kastrup-01852475__21_______,Snoghøj Alle 21 2770 Kastrup,Snoghøj Alle 21 2770,110.0,55.6224405,12.6134059,taarnby,Rækkehus,1.3970858036765574,5.844674072547843
2015-07-10,2230000,"Solgt, Auktion",1962,https://www.boligsiden.dk/adresse/jerslev-alle-30c-2770-kastrup-01851755_30c_______,Jerslev Alle 30C 2770 Kastrup,Jerslev Alle 30C 2770,98.0,55.614014,12.6038639,taarnby,Rækkehus,0.3697978795472954,6.155599114191265
2015-02-03,743750,"Solgt, Familiehandel",1966,https://www.boligsiden.dk/adresse/taarnbygaardvej-46-2770-kastrup-01852730__46_______,Tårnbygårdvej 46 2770 Kastrup,Tårnbygårdvej 46 2770,143.0,55.6197971,12.6042685,taarnby,Rækkehus,1.0053056088820589,5.717518391640537
2019-01-02,684000,"Solgt, Familiehandel",1944,https://www.boligsiden.dk/adresse/ekkodal-5-2770-kastrup-01851360___5_______,Ekkodal 5 2770 Kastrup,Ekkodal 5 2770,86.0,55.6399509,12.6154334,taarnby,Rækkehus,1.5534133442071143,4.497835087075536
2018-12-14,1550000,"Solgt, Familiehandel",1944,https://www.boligsiden.dk/adresse/ekkodal-5-2770-kastrup-01851360___5_______,Ekkodal 5 2770 Kastrup,Ekkodal 5 2770,86.0,55.6399509,12.6154334,taarnby,Rækkehus,1.5534133442071143,4.497835087075536
2021-12-02,2391500,"Solgt, Øvrigt",1960,https://www.boligsiden.dk/adresse/randkloeve-alle-50a-2770-kastrup-01852260_50a_______,Randkløve Alle 50A 2770 Kastrup,Randkløve Alle 50A 2770,107.0,55.63637240000001,12.6081772,taarnby,Rækkehus,1.716980032088684,4.434079933137561
2019-10-23,2400000,"Solgt, Familiehandel",1930,https://www.boligsiden.dk/adresse/saltvaerksvej-149-2770-kastrup-01852345_149_______,Saltværksvej 149 2770 Kastrup,Saltværksvej 149 2770,128.0,55.636507,12.628527,taarnby,Rækkehus,1.1481099945814488,5.382049211417941
2015-05-06,600000,"Solgt, Familiehandel",1955,https://www.boligsiden.dk/adresse/vestbirk-alle-60-2770-kastrup-01852840__60_______,Vestbirk Alle 60 2770 Kastrup,Vestbirk Alle 60 2770,89.0,55.6197797,12.6101318,taarnby,Rækkehus,1.049263841428921,5.977438405402331
2016-04-17,2760000,"Solgt, Familiehandel",2000,https://www.boligsiden.dk/adresse/loejtegaardshaven-8-2770-kastrup-01852012___8_______,Løjtegårdshaven 8 2770 Kastrup,Løjtegårdshaven 8 2770,126.0,55.6221426,12.6144904,taarnby,Rækkehus,1.3935975389261572,5.91111435920788
2020-11-27,500000,"Solgt, Familiehandel",1976,https://www.boligsiden.dk/adresse/bryrupvej-45-2770-kastrup-01851205__45_______,Bryrupvej 45 2770 Kastrup,Bryrupvej 45 2770,128.0,55.6089798,12.5830151,taarnby,Rækkehus,1.2486190632523546,5.837608795515794
2016-07-12,1572500,"Solgt, Familiehandel",1979,https://www.boligsiden.dk/adresse/boegstedvej-12-2665-vallensbaek-strand-01871000__12_______,Bøgstedvej 12 2665 Vallensbæk Strand,Bøgstedvej 12 2665,124.0,55.61748979999999,12.40111,Vallensbaek,Rækkehus,9.614667128051806,1.0213603190634457
2019-01-03,875000,"Solgt, Øvrigt",1975,https://www.boligsiden.dk/adresse/hyrdeengen-323-2625-vallensbaek-01872556_323_______,Hyrdeengen 323 2625 Vallensbæk,Hyrdeengen 323 2625,125.0,55.65102,12.3631381,Vallensbaek,Rækkehus,8.645111731420672,0.9863507126173734
2023-02-28,701250,"Solgt, Familiehandel",1977,https://www.boligsiden.dk/adresse/egernbo-21-2665-vallensbaek-strand-01871075__21_______,Egernbo 21 2665 Vallensbæk Strand,Egernbo 21 2665,104.0,55.6244715,12.3924944,Vallensbaek,Rækkehus,9.274972365322736,0.2881029090125426
2017-03-13,950000,"Solgt, Familiehandel",1964,https://www.boligsiden.dk/adresse/liselundsvej-1e-2665-vallensbaek-strand-01874793__1e_______,Liselundsvej 1E 2665 Vallensbæk Strand,Liselundsvej 1E 2665,109.0,55.6227898,12.3749472,Vallensbaek,Rækkehus,10.11381717568864,0.8489764570872774
2015-03-01,1104880,"Solgt, Familiehandel",2008,https://www.boligsiden.dk/adresse/strandhaven-206-2665-vallensbaek-strand-01877450_206_______,Strandhaven 206 2665 Vallensbæk Strand,Strandhaven 206 2665,108.0,55.61815190000001,12.3757172,Vallensbaek,Rækkehus,10.477090474573163,0.9799829952369388
2021-11-19,850000,"Solgt, Familiehandel",1967,https://www.boligsiden.dk/adresse/horsbred-99-2625-vallensbaek-01872449__99_______,Horsbred 99 2625 Vallensbæk,Horsbred 99 2625,107.0,55.6463784,12.3583938,Vallensbaek,Rækkehus,9.171597721238976,1.3380497833569491
2017-12-16,2350000,"Solgt, Familiehandel",1967,https://www.boligsiden.dk/adresse/horsbred-85-2625-vallensbaek-01872449__85_______,Horsbred 85 2625 Vallensbæk,Horsbred 85 2625,107.0,55.6461949,12.3588965,Vallensbaek,Rækkehus,9.15631876996347,1.365138375397664
2015-12-15,2300000,"Solgt, Familiehandel",1977,https://www.boligsiden.dk/adresse/bjoernebo-29-2665-vallensbaek-strand-01870275__29_______,Bjørnebo 29 2665 Vallensbæk Strand,Bjørnebo 29 2665,102.0,55.6246646,12.3909937,Vallensbaek,Rækkehus,9.31462351316694,0.2241479420299655
2015-11-12,722500,"Solgt, Familiehandel",1978,https://www.boligsiden.dk/adresse/kloeverbo-32-2665-vallensbaek-strand-01873875__32_______,Kløverbo 32 2665 Vallensbæk Strand,Kløverbo 32 2665,109.0,55.6260041,12.3908482,Vallensbaek,Rækkehus,9.2022526618379,0.3410719500461273
